Country,Country Code,Year,Avg_Dengue
AFGHANISTAN,AFG,2021,379.6363636363636
AMERICAN SAMOA,ASM,2000,0.0
AMERICAN SAMOA,ASM,2001,500.0
AMERICAN SAMOA,ASM,2002,1185.0
AMERICAN SAMOA,ASM,2003,0.0
AMERICAN SAMOA,ASM,2004,0.0
AMERICAN SAMOA,ASM,2005,0.0
AMERICAN SAMOA,ASM,2006,53.0
AMERICAN SAMOA,ASM,2007,126.0
AMERICAN SAMOA,ASM,2008,649.0
AMERICAN SAMOA,ASM,2009,419.0
AMERICAN SAMOA,ASM,2010,51.0
AMERICAN SAMOA,ASM,2015,479.0
AMERICAN SAMOA,ASM,2016,0.0
AMERICAN SAMOA,ASM,2017,37.0
AMERICAN SAMOA,ASM,2018,0.0
AMERICAN SAMOA,ASM,2019,1.3333333333333333
ANGUILLA,AIA,2000,3.0
ANGUILLA,AIA,2001,25.0
ANGUILLA,AIA,2002,5.0
ANGUILLA,AIA,2003,2.0
ANGUILLA,AIA,2004,0.0
ANGUILLA,AIA,2005,0.0
ANGUILLA,AIA,2006,0.0
ANGUILLA,AIA,2007,0.0
ANGUILLA,AIA,2008,9.0
ANGUILLA,AIA,2009,0.0
ANGUILLA,AIA,2010,1.0
ANGUILLA,AIA,2011,9.0
ANGUILLA,AIA,2012,7.0
ANGUILLA,AIA,2013,8.0
ANGUILLA,AIA,2014,0.4
ANGUILLA,AIA,2015,0.0
ANGUILLA,AIA,2017,1.6666666666666667
ANGUILLA,AIA,2018,0.08333333333333333
ANGUILLA,AIA,2019,0.0
ANGUILLA,AIA,2020,0.0
ANTIGUA AND BARBUDA,ATG,2000,8.0
ANTIGUA AND BARBUDA,ATG,2001,20.0
ANTIGUA AND BARBUDA,ATG,2002,5.0
ANTIGUA AND BARBUDA,ATG,2003,1.0
ANTIGUA AND BARBUDA,ATG,2004,0.0
ANTIGUA AND BARBUDA,ATG,2005,0.0
ANTIGUA AND BARBUDA,ATG,2006,0.0
ANTIGUA AND BARBUDA,ATG,2007,0.0
ANTIGUA AND BARBUDA,ATG,2008,17.0
ANTIGUA AND BARBUDA,ATG,2009,0.0
ANTIGUA AND BARBUDA,ATG,2010,3.0
ANTIGUA AND BARBUDA,ATG,2011,7.0
ANTIGUA AND BARBUDA,ATG,2012,10.0
ANTIGUA AND BARBUDA,ATG,2013,3.0
ANTIGUA AND BARBUDA,ATG,2014,0.3333333333333333
ANTIGUA AND BARBUDA,ATG,2015,0.0
ANTIGUA AND BARBUDA,ATG,2016,0.3333333333333333
ANTIGUA AND BARBUDA,ATG,2017,0.0
ANTIGUA AND BARBUDA,ATG,2018,0.0
ANTIGUA AND BARBUDA,ATG,2019,18.0
ANTIGUA AND BARBUDA,ATG,2020,29.416666666666668
ANTIGUA AND BARBUDA,ATG,2021,0.0
ANTIGUA AND BARBUDA,ATG,2022,0.0
ARGENTINA,ARG,2000,1700.0
ARGENTINA,ARG,2001,11.0
ARGENTINA,ARG,2002,234.0
ARGENTINA,ARG,2003,135.0
ARGENTINA,ARG,2004,3284.0
ARGENTINA,ARG,2005,249.0
ARGENTINA,ARG,2006,181.0
ARGENTINA,ARG,2007,173.0
ARGENTINA,ARG,2008,40.0
ARGENTINA,ARG,2009,26612.0
ARGENTINA,ARG,2010,1185.0
ARGENTINA,ARG,2011,213.0
ARGENTINA,ARG,2012,2803.0
ARGENTINA,ARG,2013,4678.5
ARGENTINA,ARG,2014,267.25
ARGENTINA,ARG,2015,377.4166666666667
ARGENTINA,ARG,2016,7094.0
ARGENTINA,ARG,2017,43.583333333333336
ARGENTINA,ARG,2018,62.0
ARGENTINA,ARG,2019,273.5833333333333
ARGENTINA,ARG,2020,4940.833333333333
ARGENTINA,ARG,2021,633.5
ARGENTINA,ARG,2022,63.833333333333336
ARUBA,ABW,2000,76.0
ARUBA,ABW,2001,0.0
ARUBA,ABW,2002,25.0
ARUBA,ABW,2004,173.0
ARUBA,ABW,2005,0.0
ARUBA,ABW,2006,5.0
ARUBA,ABW,2007,0.0
ARUBA,ABW,2008,0.0
ARUBA,ABW,2009,845.0
ARUBA,ABW,2010,1415.0
ARUBA,ABW,2011,3027.0
ARUBA,ABW,2012,0.0
ARUBA,ABW,2013,528.0
ARUBA,ABW,2014,12.25
ARUBA,ABW,2016,17.0
ARUBA,ABW,2017,0.0
ARUBA,ABW,2018,0.75
ARUBA,ABW,2019,0.0
ARUBA,ABW,2020,0.1111111111111111
ARUBA,ABW,2021,0.0
ARUBA,ABW,2022,0.0
AUSTRALIA,AUS,2000,217.0
AUSTRALIA,AUS,2001,15.25
AUSTRALIA,AUS,2002,18.666666666666668
AUSTRALIA,AUS,2003,868.0
AUSTRALIA,AUS,2004,356.0
AUSTRALIA,AUS,2005,219.0
AUSTRALIA,AUS,2006,15.666666666666666
AUSTRALIA,AUS,2007,26.333333333333332
AUSTRALIA,AUS,2008,557.0
AUSTRALIA,AUS,2009,117.0
AUSTRALIA,AUS,2010,102.33333333333333
AUSTRALIA,AUS,2011,68.41666666666667
AUSTRALIA,AUS,2012,128.25
AUSTRALIA,AUS,2013,1841.0
AUSTRALIA,AUS,2014,1721.0
AUSTRALIA,AUS,2015,1716.0
AUSTRALIA,AUS,2016,186.58333333333334
AUSTRALIA,AUS,2017,94.58333333333333
AUSTRALIA,AUS,2018,77.75
AUSTRALIA,AUS,2019,122.41666666666667
AUSTRALIA,AUS,2020,18.666666666666668
AUSTRALIA,AUS,2021,0.9166666666666666
AUSTRALIA,AUS,2022,44.583333333333336
AUSTRALIA,AUS,2023,79.22222222222223
BAHAMAS,BHS,2000,0.0
BAHAMAS,BHS,2001,0.0
BAHAMAS,BHS,2002,0.0
BAHAMAS,BHS,2003,180.0
BAHAMAS,BHS,2004,1.0
BAHAMAS,BHS,2005,0.0
BAHAMAS,BHS,2006,1.0
BAHAMAS,BHS,2007,0.0
BAHAMAS,BHS,2008,1.0
BAHAMAS,BHS,2009,0.0
BAHAMAS,BHS,2010,8.0
BAHAMAS,BHS,2011,7000.0
BAHAMAS,BHS,2012,3.0
BAHAMAS,BHS,2013,3.0
BAHAMAS,BHS,2015,3.0
BAHAMAS,BHS,2016,6.0
BAHAMAS,BHS,2017,0.9090909090909091
BAHAMAS,BHS,2018,0.25
BAHAMAS,BHS,2019,2.0
BAHAMAS,BHS,2020,0.08333333333333333
BANGLADESH,BGD,2000,5551.0
BANGLADESH,BGD,2001,2430.0
BANGLADESH,BGD,2002,6132.0
BANGLADESH,BGD,2003,486.0
BANGLADESH,BGD,2004,3934.0
BANGLADESH,BGD,2005,1048.0
BANGLADESH,BGD,2006,2200.0
BANGLADESH,BGD,2007,466.0
BANGLADESH,BGD,2008,192.0
BANGLADESH,BGD,2009,78.83333333333333
BANGLADESH,BGD,2010,68.16666666666667
BANGLADESH,BGD,2011,113.25
BANGLADESH,BGD,2012,55.916666666666664
BANGLADESH,BGD,2013,145.75
BANGLADESH,BGD,2014,31.25
BANGLADESH,BGD,2015,263.5
BANGLADESH,BGD,2016,505.0
BANGLADESH,BGD,2017,230.75
BANGLADESH,BGD,2018,845.6666666666666
BANGLADESH,BGD,2019,8746.166666666666
BANGLADESH,BGD,2020,117.08333333333333
BANGLADESH,BGD,2021,2223.5833333333335
BANGLADESH,BGD,2022,5090.75
BARBADOS,BRB,2000,744.0
BARBADOS,BRB,2001,1057.0
BARBADOS,BRB,2002,740.0
BARBADOS,BRB,2003,557.0
BARBADOS,BRB,2004,349.0
BARBADOS,BRB,2005,320.0
BARBADOS,BRB,2006,1.0
BARBADOS,BRB,2007,0.0
BARBADOS,BRB,2008,1.0
BARBADOS,BRB,2009,55.0
BARBADOS,BRB,2010,2917.0
BARBADOS,BRB,2011,745.0
BARBADOS,BRB,2012,912.0
BARBADOS,BRB,2013,1435.5
BARBADOS,BRB,2014,222.16666666666666
BARBADOS,BRB,2015,41.916666666666664
BARBADOS,BRB,2016,144.33333333333334
BARBADOS,BRB,2017,49.75
BARBADOS,BRB,2018,5.75
BARBADOS,BRB,2019,10.416666666666666
BARBADOS,BRB,2020,111.83333333333333
BARBADOS,BRB,2021,37.333333333333336
BARBADOS,BRB,2022,12.5
BELIZE,BLZ,2000,4.0
BELIZE,BLZ,2001,3.0
BELIZE,BLZ,2002,41.0
BELIZE,BLZ,2003,9.0
BELIZE,BLZ,2004,2.0
BELIZE,BLZ,2005,380.0
BELIZE,BLZ,2006,9.0
BELIZE,BLZ,2007,40.0
BELIZE,BLZ,2008,23.0
BELIZE,BLZ,2009,1457.0
BELIZE,BLZ,2010,2178.0
BELIZE,BLZ,2011,469.0
BELIZE,BLZ,2012,1421.0
BELIZE,BLZ,2013,1388.5
BELIZE,BLZ,2014,415.8333333333333
BELIZE,BLZ,2015,474.25
BELIZE,BLZ,2016,408.25
BELIZE,BLZ,2017,254.5
BELIZE,BLZ,2018,195.58333333333334
BELIZE,BLZ,2019,1117.5
BELIZE,BLZ,2020,221.5
BELIZE,BLZ,2021,250.2
BELIZE,BLZ,2022,0.0
BERMUDA,BMU,2000,0.0
BERMUDA,BMU,2001,0.0
BERMUDA,BMU,2002,0.0
BERMUDA,BMU,2003,0.0
BERMUDA,BMU,2004,0.0
BERMUDA,BMU,2005,2.0
BERMUDA,BMU,2006,2.0
BERMUDA,BMU,2007,0.0
BERMUDA,BMU,2008,0.0
BERMUDA,BMU,2009,0.0
BERMUDA,BMU,2010,2.0
BERMUDA,BMU,2011,1.0
BERMUDA,BMU,2012,0.0
BERMUDA,BMU,2013,0.5
BERMUDA,BMU,2014,0.08333333333333333
BERMUDA,BMU,2015,0.0
BERMUDA,BMU,2016,0.0
BERMUDA,BMU,2017,0.0
BERMUDA,BMU,2018,0.0
BERMUDA,BMU,2019,0.16666666666666666
BERMUDA,BMU,2020,0.0
BERMUDA,BMU,2021,0.0
BERMUDA,BMU,2022,0.0
BHUTAN,BTN,2000,0.0
BHUTAN,BTN,2001,0.0
BHUTAN,BTN,2002,0.0
BHUTAN,BTN,2003,0.0
BHUTAN,BTN,2004,2579.0
BHUTAN,BTN,2005,19.0
BHUTAN,BTN,2006,480.0
BHUTAN,BTN,2007,86.0
BHUTAN,BTN,2008,73.0
BHUTAN,BTN,2009,351.0
BHUTAN,BTN,2010,874.0
BHUTAN,BTN,2011,712.0
BHUTAN,BTN,2012,1101.0
BHUTAN,BTN,2013,111.0
BHUTAN,BTN,2014,0.0
BHUTAN,BTN,2015,0.0
BHUTAN,BTN,2016,550.0
BHUTAN,BTN,2017,87.0
BHUTAN,BTN,2018,28.0
BHUTAN,BTN,2019,5480.0
BHUTAN,BTN,2020,16.0
BHUTAN,BTN,2021,5.0
BOLIVIA,BOL,2000,118.0
BOLIVIA,BOL,2001,340.0
BOLIVIA,BOL,2002,892.0
BOLIVIA,BOL,2003,6548.0
BOLIVIA,BOL,2004,7390.0
BOLIVIA,BOL,2005,4292.0
BOLIVIA,BOL,2006,2040.0
BOLIVIA,BOL,2007,7332.0
BOLIVIA,BOL,2008,3181.0
BOLIVIA,BOL,2009,84047.0
BOLIVIA,BOL,2010,5191.0
BOLIVIA,BOL,2011,26681.0
BOLIVIA,BOL,2012,42704.0
BOLIVIA,BOL,2013,6633.0
BOLIVIA,BOL,2014,1867.4166666666667
BOLIVIA,BOL,2015,2258.25
BOLIVIA,BOL,2016,2898.8333333333335
BOLIVIA,BOL,2017,1665.8333333333333
BOLIVIA,BOL,2018,1276.6666666666667
BOLIVIA,BOL,2019,1797.25
BOLIVIA,BOL,2020,9124.833333333334
BOLIVIA,BOL,2021,745.5833333333334
BOLIVIA,BOL,2022,1419.6666666666667
"BONAIRE, SAINT EUSTATIUS AND SABA",BES,2013,444.0
"BONAIRE, SAINT EUSTATIUS AND SABA",BES,2017,0.0
"BONAIRE, SAINT EUSTATIUS AND SABA",BES,2018,0.0
"BONAIRE, SAINT EUSTATIUS AND SABA",BES,2019,0.0
"BONAIRE, SAINT EUSTATIUS AND SABA",BES,2020,0.0
BRAZIL,BRA,2000,239929.0
BRAZIL,BRA,2001,413067.0
BRAZIL,BRA,2002,780644.0
BRAZIL,BRA,2003,341902.0
BRAZIL,BRA,2004,112928.0
BRAZIL,BRA,2005,203789.0
BRAZIL,BRA,2006,346550.0
BRAZIL,BRA,2007,559954.0
BRAZIL,BRA,2008,46804.916666666664
BRAZIL,BRA,2009,528883.0
BRAZIL,BRA,2010,1004392.0
BRAZIL,BRA,2011,764032.0
BRAZIL,BRA,2012,48486.666666666664
BRAZIL,BRA,2013,739107.5
BRAZIL,BRA,2014,48897.833333333336
BRAZIL,BRA,2015,141276.91666666666
BRAZIL,BRA,2016,185040.16666666666
BRAZIL,BRA,2017,42735.583333333336
BRAZIL,BRA,2018,39189.083333333336
BRAZIL,BRA,2019,187823.58333333334
BRAZIL,BRA,2020,120524.83333333333
BRAZIL,BRA,2021,81289.5
BRAZIL,BRA,2022,185574.58333333334
BRUNEI DARUSSALAM,BRN,2000,0.0
BRUNEI DARUSSALAM,BRN,2001,0.0
BRUNEI DARUSSALAM,BRN,2002,26.0
BRUNEI DARUSSALAM,BRN,2003,160.0
BRUNEI DARUSSALAM,BRN,2004,36.0
BRUNEI DARUSSALAM,BRN,2005,68.0
BRUNEI DARUSSALAM,BRN,2006,68.0
BRUNEI DARUSSALAM,BRN,2007,18.0
BRUNEI DARUSSALAM,BRN,2008,32.0
BRUNEI DARUSSALAM,BRN,2009,33.0
BRUNEI DARUSSALAM,BRN,2010,299.0
BRUNEI DARUSSALAM,BRN,2011,25.0
BRUNEI DARUSSALAM,BRN,2012,24.166666666666668
BRUNEI DARUSSALAM,BRN,2013,202.83333333333334
BRUNEI DARUSSALAM,BRN,2014,72.66666666666667
BRUNEI DARUSSALAM,BRN,2015,26.416666666666668
BRUNEI DARUSSALAM,BRN,2016,7.0
BRUNEI DARUSSALAM,BRN,2017,75.0
CAMBODIA,KHM,2000,3148.0
CAMBODIA,KHM,2001,880.75
CAMBODIA,KHM,2002,1039.25
CAMBODIA,KHM,2003,12081.0
CAMBODIA,KHM,2004,837.4166666666666
CAMBODIA,KHM,2005,753.5
CAMBODIA,KHM,2006,16669.0
CAMBODIA,KHM,2007,39851.0
CAMBODIA,KHM,2008,818.5833333333334
CAMBODIA,KHM,2009,11699.0
CAMBODIA,KHM,2010,12500.0
CAMBODIA,KHM,2011,2611.4166666666665
CAMBODIA,KHM,2012,3529.3333333333335
CAMBODIA,KHM,2013,2902.9166666666665
CAMBODIA,KHM,2014,616.75
CAMBODIA,KHM,2015,2538.8333333333335
CAMBODIA,KHM,2016,2937.8
CAMBODIA,KHM,2017,808.1666666666666
CAMBODIA,KHM,2018,2905.9166666666665
CAMBODIA,KHM,2019,11405.916666666666
CAMBODIA,KHM,2020,982.6666666666666
CAMBODIA,KHM,2021,158.58333333333334
CAMBODIA,KHM,2022,1048.4166666666667
CAYMAN ISLANDS,CYM,2000,0.0
CAYMAN ISLANDS,CYM,2001,0.0
CAYMAN ISLANDS,CYM,2002,1.0
CAYMAN ISLANDS,CYM,2003,1.0
CAYMAN ISLANDS,CYM,2004,0.0
CAYMAN ISLANDS,CYM,2005,1.0
CAYMAN ISLANDS,CYM,2006,0.0
CAYMAN ISLANDS,CYM,2007,9.0
CAYMAN ISLANDS,CYM,2008,1.0
CAYMAN ISLANDS,CYM,2009,0.0
CAYMAN ISLANDS,CYM,2010,8.0
CAYMAN ISLANDS,CYM,2011,2.0
CAYMAN ISLANDS,CYM,2012,53.0
CAYMAN ISLANDS,CYM,2013,34.5
CAYMAN ISLANDS,CYM,2015,0.3333333333333333
CAYMAN ISLANDS,CYM,2016,0.0
CAYMAN ISLANDS,CYM,2017,0.0
CAYMAN ISLANDS,CYM,2019,2.8
CAYMAN ISLANDS,CYM,2020,2.6666666666666665
CAYMAN ISLANDS,CYM,2021,0.0
CAYMAN ISLANDS,CYM,2022,0.0
CHILE,CHL,2002,636.0
CHILE,CHL,2003,0.0
CHILE,CHL,2004,0.0
CHILE,CHL,2005,0.0
CHILE,CHL,2006,0.0
CHILE,CHL,2007,0.0
CHILE,CHL,2008,0.0
CHILE,CHL,2009,27.0
CHILE,CHL,2010,0.0
CHILE,CHL,2011,1.0
CHILE,CHL,2012,32.0
CHILE,CHL,2013,44.0
CHILE,CHL,2015,3.0
CHILE,CHL,2017,0.0
CHILE,CHL,2018,1.5
CHILE,CHL,2019,2.4166666666666665
CHILE,CHL,2020,0.75
CHILE,CHL,2021,0.0
CHILE,CHL,2022,0.0
CHINA,CHN,2000,67.16666666666667
CHINA,CHN,2001,61.666666666666664
CHINA,CHN,2002,226.58333333333334
CHINA,CHN,2003,93.0
CHINA,CHN,2004,247.0
CHINA,CHN,2005,40.0
CHINA,CHN,2006,1315.0
CHINA,CHN,2007,539.0
CHINA,CHN,2008,30.416666666666668
CHINA,CHN,2009,46.833333333333336
CHINA,CHN,2010,223.0
CHINA,CHN,2011,107.0
CHINA,CHN,2012,157.0
CHINA,CHN,2013,828.3333333333334
CHINA,CHN,2014,7864.666666666667
CHINA,CHN,2015,644.1818181818181
CHINA,CHN,2016,329.8333333333333
CHINA,CHN,2017,960.25
CHINA,CHN,2018,847.6666666666666
CHINA,CHN,2019,3708.75
CHINA,CHN,2020,46.5
CHINA,CHN,2021,0.0
CHINA,CHN,2022,48.7
COLOMBIA,COL,2002,382.0
COLOMBIA,COL,2004,1614.0
COLOMBIA,COL,2005,1938.0
COLOMBIA,COL,2006,2792.5
COLOMBIA,COL,2007,3718.6666666666665
COLOMBIA,COL,2008,2982.0
COLOMBIA,COL,2009,4328.833333333333
COLOMBIA,COL,2010,13355.416666666666
COLOMBIA,COL,2011,2594.4166666666665
COLOMBIA,COL,2012,4718.916666666667
COLOMBIA,COL,2013,10447.25
COLOMBIA,COL,2014,8739.75
COLOMBIA,COL,2015,7986.75
COLOMBIA,COL,2016,8331.416666666666
COLOMBIA,COL,2017,2125.25
COLOMBIA,COL,2018,3725.5
COLOMBIA,COL,2019,10472.5
COLOMBIA,COL,2020,6165.083333333333
COLOMBIA,COL,2021,4175.5
COLOMBIA,COL,2022,5563.166666666667
COOK ISLANDS,COK,2000,0.0
COOK ISLANDS,COK,2001,21.0
COOK ISLANDS,COK,2002,2256.0
COOK ISLANDS,COK,2003,1.0
COOK ISLANDS,COK,2004,4.0
COOK ISLANDS,COK,2005,0.0
COOK ISLANDS,COK,2006,468.0
COOK ISLANDS,COK,2007,1224.0
COOK ISLANDS,COK,2008,11.0
COOK ISLANDS,COK,2009,170.0
COOK ISLANDS,COK,2010,0.0
COOK ISLANDS,COK,2014,946.0
COOK ISLANDS,COK,2016,0.0
COOK ISLANDS,COK,2017,0.1
COOK ISLANDS,COK,2018,0.25
COOK ISLANDS,COK,2019,23.636363636363637
COOK ISLANDS,COK,2020,37.0
COOK ISLANDS,COK,2021,0.5
COOK ISLANDS,COK,2022,0.25
COOK ISLANDS,COK,2023,1.6666666666666667
COSTA RICA,CRI,2000,4907.0
COSTA RICA,CRI,2001,9237.0
COSTA RICA,CRI,2002,12251.0
COSTA RICA,CRI,2003,19669.0
COSTA RICA,CRI,2004,9408.0
COSTA RICA,CRI,2005,37798.0
COSTA RICA,CRI,2006,12124.0
COSTA RICA,CRI,2007,26440.0
COSTA RICA,CRI,2008,7160.0
COSTA RICA,CRI,2009,6946.0
COSTA RICA,CRI,2010,31773.0
COSTA RICA,CRI,2011,13854.0
COSTA RICA,CRI,2012,19880.0
COSTA RICA,CRI,2013,25116.0
COSTA RICA,CRI,2014,908.4166666666666
COSTA RICA,CRI,2015,1449.5
COSTA RICA,CRI,2016,1943.25
COSTA RICA,CRI,2017,4459.0
COSTA RICA,CRI,2018,226.5
COSTA RICA,CRI,2019,789.3333333333334
COSTA RICA,CRI,2020,829.5833333333334
COSTA RICA,CRI,2021,431.1666666666667
COSTA RICA,CRI,2022,592.5
CUBA,CUB,2000,138.0
CUBA,CUB,2001,11432.0
CUBA,CUB,2002,3011.0
CUBA,CUB,2003,0.0
CUBA,CUB,2004,0.0
CUBA,CUB,2005,75.0
CUBA,CUB,2007,28.0
CUBA,CUB,2009,70.0
CUBA,CUB,2010,0.0
CUBA,CUB,2011,0.0
CUBA,CUB,2012,0.0
CUBA,CUB,2013,0.0
CUBA,CUB,2015,50.0
CUBA,CUB,2016,0.0
CUBA,CUB,2020,0.14285714285714285
CUBA,CUB,2022,0.0
CURACAO,CUW,2013,568.0
CURACAO,CUW,2014,0.0
CURACAO,CUW,2015,0.0
CURACAO,CUW,2016,0.0
CURACAO,CUW,2017,0.0
CURACAO,CUW,2018,0.0
CURACAO,CUW,2019,0.0
CURACAO,CUW,2020,0.0
DOMINICA,DMA,2000,15.0
DOMINICA,DMA,2001,5.0
DOMINICA,DMA,2002,0.0
DOMINICA,DMA,2003,0.0
DOMINICA,DMA,2004,4.0
DOMINICA,DMA,2005,11.0
DOMINICA,DMA,2006,19.0
DOMINICA,DMA,2007,111.0
DOMINICA,DMA,2008,80.0
DOMINICA,DMA,2009,2.0
DOMINICA,DMA,2010,635.0
DOMINICA,DMA,2011,40.0
DOMINICA,DMA,2012,3.0
DOMINICA,DMA,2013,98.5
DOMINICA,DMA,2015,0.0
DOMINICA,DMA,2016,70.0
DOMINICA,DMA,2017,0.0
DOMINICA,DMA,2018,0.0
DOMINICA,DMA,2019,15.333333333333334
DOMINICA,DMA,2020,0.5
DOMINICA,DMA,2021,0.0
DOMINICA,DMA,2022,0.1111111111111111
DOMINICAN REPUBLIC,DOM,2000,3462.0
DOMINICAN REPUBLIC,DOM,2001,3596.0
DOMINICAN REPUBLIC,DOM,2002,3194.0
DOMINICAN REPUBLIC,DOM,2003,6163.0
DOMINICAN REPUBLIC,DOM,2004,2476.0
DOMINICAN REPUBLIC,DOM,2005,2860.0
DOMINICAN REPUBLIC,DOM,2006,6143.0
DOMINICAN REPUBLIC,DOM,2007,9628.0
DOMINICAN REPUBLIC,DOM,2008,4333.0
DOMINICAN REPUBLIC,DOM,2009,8292.0
DOMINICAN REPUBLIC,DOM,2010,11519.0
DOMINICAN REPUBLIC,DOM,2011,2339.0
DOMINICAN REPUBLIC,DOM,2012,792.0833333333334
DOMINICAN REPUBLIC,DOM,2013,8354.5
DOMINICAN REPUBLIC,DOM,2014,505.6666666666667
DOMINICAN REPUBLIC,DOM,2015,1420.6666666666667
DOMINICAN REPUBLIC,DOM,2016,553.75
DOMINICAN REPUBLIC,DOM,2017,113.91666666666667
DOMINICAN REPUBLIC,DOM,2018,133.5
DOMINICAN REPUBLIC,DOM,2019,1693.5833333333333
DOMINICAN REPUBLIC,DOM,2020,314.6666666666667
DOMINICAN REPUBLIC,DOM,2021,312.1666666666667
DOMINICAN REPUBLIC,DOM,2022,875.0909090909091
ECUADOR,ECU,2000,22937.0
ECUADOR,ECU,2001,10919.0
ECUADOR,ECU,2002,5833.0
ECUADOR,ECU,2003,10319.0
ECUADOR,ECU,2004,6165.0
ECUADOR,ECU,2005,12131.0
ECUADOR,ECU,2006,6044.0
ECUADOR,ECU,2007,105887.0
ECUADOR,ECU,2008,1894.0
ECUADOR,ECU,2009,4489.0
ECUADOR,ECU,2010,1042.0
ECUADOR,ECU,2011,7659.0
ECUADOR,ECU,2012,16544.0
ECUADOR,ECU,2013,5866.5
ECUADOR,ECU,2014,1288.3333333333333
ECUADOR,ECU,2015,3539.4166666666665
ECUADOR,ECU,2016,1179.9166666666667
ECUADOR,ECU,2017,944.25
ECUADOR,ECU,2018,261.6666666666667
ECUADOR,ECU,2019,706.6666666666666
ECUADOR,ECU,2020,1650.25
ECUADOR,ECU,2021,1735.75
ECUADOR,ECU,2022,1313.3333333333333
EL SALVADOR,SLV,2000,3248.0
EL SALVADOR,SLV,2001,1176.0
EL SALVADOR,SLV,2002,18307.0
EL SALVADOR,SLV,2003,7436.0
EL SALVADOR,SLV,2004,13344.0
EL SALVADOR,SLV,2005,15290.0
EL SALVADOR,SLV,2006,22088.0
EL SALVADOR,SLV,2007,12476.0
EL SALVADOR,SLV,2008,5774.0
EL SALVADOR,SLV,2009,15040.0
EL SALVADOR,SLV,2010,22406.0
EL SALVADOR,SLV,2011,20836.0
EL SALVADOR,SLV,2012,43861.0
EL SALVADOR,SLV,2013,14570.5
EL SALVADOR,SLV,2014,4433.0
EL SALVADOR,SLV,2015,4157.666666666667
EL SALVADOR,SLV,2016,732.4166666666666
EL SALVADOR,SLV,2017,366.8333333333333
EL SALVADOR,SLV,2018,694.4166666666666
EL SALVADOR,SLV,2019,2280.1666666666665
EL SALVADOR,SLV,2020,444.5
EL SALVADOR,SLV,2021,469.4166666666667
EL SALVADOR,SLV,2022,1278.25
FIJI,FJI,2000,14.0
FIJI,FJI,2001,3.0
FIJI,FJI,2002,0.0
FIJI,FJI,2003,16.0
FIJI,FJI,2004,2.0
FIJI,FJI,2005,0.0
FIJI,FJI,2006,25.0
FIJI,FJI,2007,100.0
FIJI,FJI,2008,1895.0
FIJI,FJI,2009,374.0
FIJI,FJI,2010,8.0
FIJI,FJI,2012,68.66666666666667
FIJI,FJI,2013,78.22222222222223
FIJI,FJI,2016,398.0
FIJI,FJI,2017,584.7
FIJI,FJI,2018,782.4166666666666
FIJI,FJI,2019,487.27272727272725
FIJI,FJI,2020,259.57142857142856
FIJI,FJI,2021,232.25
FIJI,FJI,2022,722.8333333333334
FIJI,FJI,2023,2220.6666666666665
FRENCH GUIANA,GUF,2000,186.0
FRENCH GUIANA,GUF,2001,2830.0
FRENCH GUIANA,GUF,2002,280.0
FRENCH GUIANA,GUF,2003,2178.0
FRENCH GUIANA,GUF,2004,3147.0
FRENCH GUIANA,GUF,2005,4365.0
FRENCH GUIANA,GUF,2006,15930.0
FRENCH GUIANA,GUF,2007,661.0
FRENCH GUIANA,GUF,2008,460.0
FRENCH GUIANA,GUF,2009,11330.0
FRENCH GUIANA,GUF,2010,4350.0
FRENCH GUIANA,GUF,2011,667.0
FRENCH GUIANA,GUF,2012,662.0
FRENCH GUIANA,GUF,2013,16263.0
FRENCH GUIANA,GUF,2014,0.0
FRENCH GUIANA,GUF,2015,50.111111111111114
FRENCH GUIANA,GUF,2016,3.75
FRENCH GUIANA,GUF,2017,0.0
FRENCH GUIANA,GUF,2018,0.0
FRENCH GUIANA,GUF,2019,22.916666666666668
FRENCH GUIANA,GUF,2020,727.8333333333334
FRENCH GUIANA,GUF,2021,146.33333333333334
FRENCH POLYNESIA,PYF,2000,36.0
FRENCH POLYNESIA,PYF,2001,32800.0
FRENCH POLYNESIA,PYF,2002,230.0
FRENCH POLYNESIA,PYF,2003,47.0
FRENCH POLYNESIA,PYF,2004,59.0
FRENCH POLYNESIA,PYF,2005,50.0
FRENCH POLYNESIA,PYF,2006,818.0
FRENCH POLYNESIA,PYF,2007,1897.0
FRENCH POLYNESIA,PYF,2008,176.0
FRENCH POLYNESIA,PYF,2009,2479.0
FRENCH POLYNESIA,PYF,2010,250.0
FRENCH POLYNESIA,PYF,2013,784.5
FRENCH POLYNESIA,PYF,2014,352.3333333333333
FRENCH POLYNESIA,PYF,2015,84.33333333333333
FRENCH POLYNESIA,PYF,2017,0.7777777777777778
FRENCH POLYNESIA,PYF,2018,22.5
FRENCH POLYNESIA,PYF,2019,284.54545454545456
FRENCH POLYNESIA,PYF,2020,40.333333333333336
FRENCH POLYNESIA,PYF,2022,198.0
FRENCH POLYNESIA,PYF,2023,229.5
GRENADA,GRD,2000,27.0
GRENADA,GRD,2001,12.0
GRENADA,GRD,2002,84.0
GRENADA,GRD,2003,17.0
GRENADA,GRD,2004,7.0
GRENADA,GRD,2005,0.0
GRENADA,GRD,2006,22.0
GRENADA,GRD,2007,0.0
GRENADA,GRD,2008,6.0
GRENADA,GRD,2009,23.0
GRENADA,GRD,2010,31.5
GRENADA,GRD,2011,17.666666666666668
GRENADA,GRD,2012,13.5
GRENADA,GRD,2013,31.916666666666668
GRENADA,GRD,2014,7.666666666666667
GRENADA,GRD,2015,0.5833333333333334
GRENADA,GRD,2016,6.0
GRENADA,GRD,2017,15.5
GRENADA,GRD,2018,33.666666666666664
GRENADA,GRD,2019,9.083333333333334
GRENADA,GRD,2020,21.583333333333332
GRENADA,GRD,2021,0.0
GRENADA,GRD,2022,16.5
GUADELOUPE,GLP,2000,60.0
GUADELOUPE,GLP,2001,0.0
GUADELOUPE,GLP,2002,93.0
GUADELOUPE,GLP,2003,495.0
GUADELOUPE,GLP,2004,0.0
GUADELOUPE,GLP,2005,3364.0
GUADELOUPE,GLP,2006,2948.0
GUADELOUPE,GLP,2007,3266.0
GUADELOUPE,GLP,2008,277.0
GUADELOUPE,GLP,2009,2234.0
GUADELOUPE,GLP,2010,41100.0
GUADELOUPE,GLP,2011,101.0
GUADELOUPE,GLP,2012,1032.0
GUADELOUPE,GLP,2013,12706.0
GUADELOUPE,GLP,2014,0.0
GUADELOUPE,GLP,2015,3.5
GUADELOUPE,GLP,2016,2.25
GUADELOUPE,GLP,2017,3.75
GUADELOUPE,GLP,2018,119.0
GUADELOUPE,GLP,2019,248.0
GUADELOUPE,GLP,2020,1595.5833333333333
GUADELOUPE,GLP,2021,45.0
GUADELOUPE,GLP,2022,35.5
GUAM,GUM,2000,2.0
GUAM,GUM,2001,0.0
GUAM,GUM,2002,0.0
GUAM,GUM,2003,1.0
GUAM,GUM,2004,1.0
GUAM,GUM,2005,0.0
GUAM,GUM,2006,3.0
GUAM,GUM,2007,1.0
GUAM,GUM,2009,0.0
GUAM,GUM,2010,3.0
GUAM,GUM,2017,0.0
GUAM,GUM,2018,0.0
GUAM,GUM,2019,23.0
GUAM,GUM,2022,119.0
GUATEMALA,GTM,2000,9006.0
GUATEMALA,GTM,2001,4516.0
GUATEMALA,GTM,2002,7599.0
GUATEMALA,GTM,2003,6750.0
GUATEMALA,GTM,2004,6352.0
GUATEMALA,GTM,2005,6341.0
GUATEMALA,GTM,2006,2428.0
GUATEMALA,GTM,2007,5886.0
GUATEMALA,GTM,2008,3230.0
GUATEMALA,GTM,2009,10438.0
GUATEMALA,GTM,2010,17045.0
GUATEMALA,GTM,2011,2565.0
GUATEMALA,GTM,2012,9252.0
GUATEMALA,GTM,2013,5868.0
GUATEMALA,GTM,2014,1647.0
GUATEMALA,GTM,2015,1151.6
GUATEMALA,GTM,2016,8243.0
GUATEMALA,GTM,2017,4214.0
GUATEMALA,GTM,2018,7592.0
GUATEMALA,GTM,2019,50886.0
GUATEMALA,GTM,2020,5983.0
GUATEMALA,GTM,2021,238.41666666666666
GUATEMALA,GTM,2022,8407.0
GUYANA,GUY,2000,19.0
GUYANA,GUY,2001,60.0
GUYANA,GUY,2002,202.0
GUYANA,GUY,2003,33.0
GUYANA,GUY,2004,47.0
GUYANA,GUY,2005,178.0
GUYANA,GUY,2006,118.0
GUYANA,GUY,2007,201.0
GUYANA,GUY,2008,324.0
GUYANA,GUY,2009,994.0
GUYANA,GUY,2010,1468.0
GUYANA,GUY,2011,1093.0
GUYANA,GUY,2012,2189.0
GUYANA,GUY,2013,1120.0
GUYANA,GUY,2014,0.0
GUYANA,GUY,2015,15.0
GUYANA,GUY,2016,0.1111111111111111
GUYANA,GUY,2017,0.0
GUYANA,GUY,2018,0.16666666666666666
GUYANA,GUY,2019,0.0
GUYANA,GUY,2021,7.2
HAITI,HTI,2000,13642.0
HAITI,HTI,2009,0.0
HAITI,HTI,2010,0.0
HAITI,HTI,2011,0.0
HAITI,HTI,2012,240.0
HAITI,HTI,2013,0.0
HAITI,HTI,2017,1.0
HAITI,HTI,2018,7.5
HAITI,HTI,2019,7.666666666666667
HAITI,HTI,2020,148.58333333333334
HAITI,HTI,2021,5.333333333333333
HAITI,HTI,2022,0.0
HONDURAS,HND,2000,13642.0
HONDURAS,HND,2001,19077.0
HONDURAS,HND,2002,322269.0
HONDURAS,HND,2003,16599.0
HONDURAS,HND,2004,19971.0
HONDURAS,HND,2005,18843.0
HONDURAS,HND,2006,8436.0
HONDURAS,HND,2007,33508.0
HONDURAS,HND,2008,18941.0
HONDURAS,HND,2009,15291.0
HONDURAS,HND,2010,66814.0
HONDURAS,HND,2011,8297.0
HONDURAS,HND,2012,15554.0
HONDURAS,HND,2013,19680.0
HONDURAS,HND,2014,3549.5
HONDURAS,HND,2015,3736.1666666666665
HONDURAS,HND,2016,1537.5
HONDURAS,HND,2017,435.5
HONDURAS,HND,2018,682.25
HONDURAS,HND,2019,11075.416666666666
HONDURAS,HND,2020,2011.0
HONDURAS,HND,2021,1646.0833333333333
HONDURAS,HND,2022,1731.4545454545455
HONG KONG,HKG,2000,0.0
HONG KONG,HKG,2001,0.0
HONG KONG,HKG,2002,5.333333333333333
HONG KONG,HKG,2003,4.083333333333333
HONG KONG,HKG,2004,2.5833333333333335
HONG KONG,HKG,2005,2.5833333333333335
HONG KONG,HKG,2006,2.5833333333333335
HONG KONG,HKG,2007,4.833333333333333
HONG KONG,HKG,2008,3.5
HONG KONG,HKG,2009,3.5833333333333335
HONG KONG,HKG,2010,7.25
HONG KONG,HKG,2011,2.5
HONG KONG,HKG,2012,0.0
HONG KONG,HKG,2013,8.583333333333334
HONG KONG,HKG,2014,9.583333333333334
HONG KONG,HKG,2015,9.75
HONG KONG,HKG,2016,10.666666666666666
HONG KONG,HKG,2017,8.583333333333334
HONG KONG,HKG,2018,16.0
HONG KONG,HKG,2019,16.583333333333332
HONG KONG,HKG,2020,0.08333333333333333
HONG KONG,HKG,2021,0.0
HONG KONG,HKG,2022,0.0
HONG KONG,HKG,2023,0.0
INDIA,IND,2000,650.0
INDIA,IND,2001,3306.0
INDIA,IND,2002,1926.0
INDIA,IND,2003,12754.0
INDIA,IND,2004,4153.0
INDIA,IND,2005,11985.0
INDIA,IND,2006,12317.0
INDIA,IND,2007,5530.0
INDIA,IND,2008,12540.0
INDIA,IND,2009,15535.0
INDIA,IND,2010,1252.0
INDIA,IND,2011,18860.0
INDIA,IND,2012,37070.0
INDIA,IND,2015,99913.0
INDIA,IND,2016,129166.0
INDIA,IND,2017,188401.0
INDIA,IND,2018,101192.0
INDIA,IND,2019,157315.0
INDIA,IND,2020,44585.0
INDIA,IND,2021,193245.0
INDIA,IND,2022,233251.0
INDONESIA,IDN,2000,33443.0
INDONESIA,IDN,2001,45904.0
INDONESIA,IDN,2002,40377.0
INDONESIA,IDN,2003,51934.0
INDONESIA,IDN,2004,18570.875
INDONESIA,IDN,2005,13118.0
INDONESIA,IDN,2006,106425.0
INDONESIA,IDN,2007,157442.0
INDONESIA,IDN,2008,155607.0
INDONESIA,IDN,2009,156052.0
INDONESIA,IDN,2010,127619.0
INDONESIA,IDN,2011,65725.0
INDONESIA,IDN,2012,90245.0
INDONESIA,IDN,2013,112511.0
INDONESIA,IDN,2014,100347.0
INDONESIA,IDN,2015,129650.0
INDONESIA,IDN,2016,204171.0
INDONESIA,IDN,2017,68407.0
INDONESIA,IDN,2019,138127.0
INDONESIA,IDN,2020,108303.0
INDONESIA,IDN,2021,73518.0
JAMAICA,JAM,2000,25.0
JAMAICA,JAM,2001,39.0
JAMAICA,JAM,2002,90.0
JAMAICA,JAM,2003,52.0
JAMAICA,JAM,2004,9.0
JAMAICA,JAM,2005,46.0
JAMAICA,JAM,2006,79.0
JAMAICA,JAM,2007,1448.0
JAMAICA,JAM,2008,359.0
JAMAICA,JAM,2009,70.0
JAMAICA,JAM,2010,2827.0
JAMAICA,JAM,2011,408.0
JAMAICA,JAM,2012,4670.0
JAMAICA,JAM,2013,431.5
JAMAICA,JAM,2014,73.16666666666667
JAMAICA,JAM,2015,4.142857142857143
JAMAICA,JAM,2016,137.66666666666666
JAMAICA,JAM,2017,18.25
JAMAICA,JAM,2018,86.16666666666667
JAMAICA,JAM,2019,615.1666666666666
JAMAICA,JAM,2020,71.08333333333333
JAMAICA,JAM,2021,6.909090909090909
JAMAICA,JAM,2022,6.666666666666667
JAPAN,JPN,2000,18.0
JAPAN,JPN,2001,50.0
JAPAN,JPN,2002,52.0
JAPAN,JPN,2003,32.0
JAPAN,JPN,2004,49.0
JAPAN,JPN,2005,74.0
JAPAN,JPN,2006,58.0
JAPAN,JPN,2007,89.0
JAPAN,JPN,2008,101.0
JAPAN,JPN,2009,92.0
JAPAN,JPN,2010,145.0
JAPAN,JPN,2013,249.0
JAPAN,JPN,2014,341.0
JAPAN,JPN,2015,293.0
JAPAN,JPN,2016,338.0
JAPAN,JPN,2017,245.0
JAPAN,JPN,2018,201.0
JAPAN,JPN,2019,463.0
KIRIBATI,KIR,2000,0.0
KIRIBATI,KIR,2001,0.0
KIRIBATI,KIR,2002,483.0
KIRIBATI,KIR,2003,1660.0
KIRIBATI,KIR,2004,0.0
KIRIBATI,KIR,2005,0.0
KIRIBATI,KIR,2006,0.0
KIRIBATI,KIR,2007,0.0
KIRIBATI,KIR,2008,831.0
KIRIBATI,KIR,2009,7.0
KIRIBATI,KIR,2010,20.0
KIRIBATI,KIR,2011,4.0
KIRIBATI,KIR,2016,0.0
KIRIBATI,KIR,2017,4.444444444444445
KIRIBATI,KIR,2018,282.6666666666667
KIRIBATI,KIR,2019,0.18181818181818182
KIRIBATI,KIR,2020,0.0
KIRIBATI,KIR,2021,0.5
KIRIBATI,KIR,2022,221.83333333333334
KIRIBATI,KIR,2023,1397.3333333333333
LAO PEOPLE'S DEMOCRATIC REPUBLIC,LAO,2000,1377.0
LAO PEOPLE'S DEMOCRATIC REPUBLIC,LAO,2001,3968.0
LAO PEOPLE'S DEMOCRATIC REPUBLIC,LAO,2002,9176.0
LAO PEOPLE'S DEMOCRATIC REPUBLIC,LAO,2003,17690.0
LAO PEOPLE'S DEMOCRATIC REPUBLIC,LAO,2004,331.0
LAO PEOPLE'S DEMOCRATIC REPUBLIC,LAO,2005,512.6666666666666
LAO PEOPLE'S DEMOCRATIC REPUBLIC,LAO,2006,592.8333333333334
LAO PEOPLE'S DEMOCRATIC REPUBLIC,LAO,2007,449.25
LAO PEOPLE'S DEMOCRATIC REPUBLIC,LAO,2008,373.9166666666667
LAO PEOPLE'S DEMOCRATIC REPUBLIC,LAO,2009,650.3333333333334
LAO PEOPLE'S DEMOCRATIC REPUBLIC,LAO,2010,22929.0
LAO PEOPLE'S DEMOCRATIC REPUBLIC,LAO,2011,318.0
LAO PEOPLE'S DEMOCRATIC REPUBLIC,LAO,2012,845.5
LAO PEOPLE'S DEMOCRATIC REPUBLIC,LAO,2013,5608.333333333333
LAO PEOPLE'S DEMOCRATIC REPUBLIC,LAO,2014,303.1666666666667
LAO PEOPLE'S DEMOCRATIC REPUBLIC,LAO,2015,312.0833333333333
LAO PEOPLE'S DEMOCRATIC REPUBLIC,LAO,2016,937.8333333333334
LAO PEOPLE'S DEMOCRATIC REPUBLIC,LAO,2017,1841.5833333333333
LAO PEOPLE'S DEMOCRATIC REPUBLIC,LAO,2018,1063.6666666666667
LAO PEOPLE'S DEMOCRATIC REPUBLIC,LAO,2019,6498.833333333333
LAO PEOPLE'S DEMOCRATIC REPUBLIC,LAO,2020,641.0
LAO PEOPLE'S DEMOCRATIC REPUBLIC,LAO,2021,111.66666666666667
LAO PEOPLE'S DEMOCRATIC REPUBLIC,LAO,2022,2417.8333333333335
MACAU,MAC,2000,0.0
MACAU,MAC,2001,1418.0
MACAU,MAC,2002,2.0
MACAU,MAC,2003,28.0
MACAU,MAC,2004,2.0
MACAU,MAC,2005,0.0
MACAU,MAC,2006,6.0
MACAU,MAC,2007,14.0
MACAU,MAC,2008,3.0
MACAU,MAC,2010,6.0
MACAU,MAC,2013,9.0
MACAU,MAC,2014,17.0
MACAU,MAC,2015,3.0
MACAU,MAC,2016,11.0
MACAU,MAC,2017,17.0
MACAU,MAC,2018,18.0
MALAYSIA,MYS,2000,733.75
MALAYSIA,MYS,2001,16368.0
MALAYSIA,MYS,2002,32767.0
MALAYSIA,MYS,2003,31545.0
MALAYSIA,MYS,2004,33895.0
MALAYSIA,MYS,2005,39686.0
MALAYSIA,MYS,2006,38556.0
MALAYSIA,MYS,2007,48846.0
MALAYSIA,MYS,2008,49335.0
MALAYSIA,MYS,2009,6147.5
MALAYSIA,MYS,2010,7382.0
MALAYSIA,MYS,2011,3327.0
MALAYSIA,MYS,2012,1924.0
MALAYSIA,MYS,2013,7267.333333333333
MALAYSIA,MYS,2014,17849.25
MALAYSIA,MYS,2015,20204.583333333332
MALAYSIA,MYS,2016,17496.5
MALAYSIA,MYS,2017,14714.0
MALAYSIA,MYS,2018,13750.916666666666
MALAYSIA,MYS,2019,21698.583333333332
MALAYSIA,MYS,2020,7264.25
MALAYSIA,MYS,2021,2248.1666666666665
MALAYSIA,MYS,2022,5477.666666666667
MALDIVES,MDV,2000,180.0
MALDIVES,MDV,2001,73.0
MALDIVES,MDV,2002,27.0
MALDIVES,MDV,2003,38.0
MALDIVES,MDV,2004,742.0
MALDIVES,MDV,2005,1126.0
MALDIVES,MDV,2006,462.0833333333333
MALDIVES,MDV,2007,279.25
MALDIVES,MDV,2008,275.0
MALDIVES,MDV,2009,134.91666666666666
MALDIVES,MDV,2010,83.33333333333333
MALDIVES,MDV,2011,242.41666666666666
MALDIVES,MDV,2012,90.25
MALDIVES,MDV,2013,60.416666666666664
MALDIVES,MDV,2014,68.66666666666667
MALDIVES,MDV,2015,157.5
MALDIVES,MDV,2016,163.5
MALDIVES,MDV,2017,851.0
MALDIVES,MDV,2018,1838.0
MALDIVES,MDV,2019,2156.0
MALDIVES,MDV,2020,27.333333333333332
MARSHALL ISLANDS,MHL,2000,0.0
MARSHALL ISLANDS,MHL,2001,0.0
MARSHALL ISLANDS,MHL,2002,0.0
MARSHALL ISLANDS,MHL,2003,0.0
MARSHALL ISLANDS,MHL,2004,0.0
MARSHALL ISLANDS,MHL,2005,0.0
MARSHALL ISLANDS,MHL,2006,0.0
MARSHALL ISLANDS,MHL,2007,0.0
MARSHALL ISLANDS,MHL,2009,0.0
MARSHALL ISLANDS,MHL,2010,0.0
MARSHALL ISLANDS,MHL,2017,0.0
MARSHALL ISLANDS,MHL,2018,0.0
MARSHALL ISLANDS,MHL,2019,215.27272727272728
MARSHALL ISLANDS,MHL,2020,141.42857142857142
MARSHALL ISLANDS,MHL,2021,0.0
MARSHALL ISLANDS,MHL,2022,63.75
MARSHALL ISLANDS,MHL,2023,85.8
MARTINIQUE,MTQ,2000,171.0
MARTINIQUE,MTQ,2001,4471.0
MARTINIQUE,MTQ,2002,392.0
MARTINIQUE,MTQ,2003,791.0
MARTINIQUE,MTQ,2004,0.0
MARTINIQUE,MTQ,2005,6083.0
MARTINIQUE,MTQ,2006,4086.0
MARTINIQUE,MTQ,2007,5082.0
MARTINIQUE,MTQ,2008,586.0
MARTINIQUE,MTQ,2009,1378.0
MARTINIQUE,MTQ,2010,37100.0
MARTINIQUE,MTQ,2011,275.0
MARTINIQUE,MTQ,2012,1269.0
MARTINIQUE,MTQ,2013,7040.0
MARTINIQUE,MTQ,2014,0.0
MARTINIQUE,MTQ,2015,3.0
MARTINIQUE,MTQ,2016,4.0
MARTINIQUE,MTQ,2017,9.25
MARTINIQUE,MTQ,2018,6.083333333333333
MARTINIQUE,MTQ,2019,160.0
MARTINIQUE,MTQ,2020,2690.1666666666665
MARTINIQUE,MTQ,2021,89.41666666666667
MARTINIQUE,MTQ,2022,6.5
MEXICO,MEX,2000,21715.0
MEXICO,MEX,2001,6401.0
MEXICO,MEX,2002,9844.0
MEXICO,MEX,2003,6996.0
MEXICO,MEX,2004,8202.0
MEXICO,MEX,2005,16862.0
MEXICO,MEX,2006,27287.0
MEXICO,MEX,2007,48436.0
MEXICO,MEX,2008,31154.0
MEXICO,MEX,2009,249763.0
MEXICO,MEX,2010,57971.0
MEXICO,MEX,2011,67918.0
MEXICO,MEX,2012,165749.0
MEXICO,MEX,2013,115856.0
MEXICO,MEX,2014,10394.083333333334
MEXICO,MEX,2015,18299.416666666668
MEXICO,MEX,2016,10839.083333333334
MEXICO,MEX,2017,7496.75
MEXICO,MEX,2018,6553.5
MEXICO,MEX,2019,22374.5
MEXICO,MEX,2020,10042.833333333334
MEXICO,MEX,2021,3061.8333333333335
MEXICO,MEX,2022,4810.916666666667
MICRONESIA (FEDERATED STATES OF),FSM,2000,14.0
MICRONESIA (FEDERATED STATES OF),FSM,2001,0.0
MICRONESIA (FEDERATED STATES OF),FSM,2002,0.0
MICRONESIA (FEDERATED STATES OF),FSM,2003,0.0
MICRONESIA (FEDERATED STATES OF),FSM,2004,658.0
MICRONESIA (FEDERATED STATES OF),FSM,2006,0.0
MICRONESIA (FEDERATED STATES OF),FSM,2007,6.0
MICRONESIA (FEDERATED STATES OF),FSM,2008,10.0
MICRONESIA (FEDERATED STATES OF),FSM,2009,37.0
MICRONESIA (FEDERATED STATES OF),FSM,2010,23.0
MICRONESIA (FEDERATED STATES OF),FSM,2013,217.0
MICRONESIA (FEDERATED STATES OF),FSM,2016,90.0
MICRONESIA (FEDERATED STATES OF),FSM,2017,1.4
MICRONESIA (FEDERATED STATES OF),FSM,2018,3.1666666666666665
MICRONESIA (FEDERATED STATES OF),FSM,2019,181.36363636363637
MICRONESIA (FEDERATED STATES OF),FSM,2020,2.1666666666666665
MICRONESIA (FEDERATED STATES OF),FSM,2021,5.0
MICRONESIA (FEDERATED STATES OF),FSM,2022,273.4
MICRONESIA (FEDERATED STATES OF),FSM,2023,422.75
MONGOLIA,MNG,2000,0.0
MONGOLIA,MNG,2001,0.0
MONGOLIA,MNG,2002,0.0
MONGOLIA,MNG,2003,0.0
MONGOLIA,MNG,2004,0.0
MONGOLIA,MNG,2005,0.0
MONGOLIA,MNG,2006,89.0
MONGOLIA,MNG,2007,0.0
MONGOLIA,MNG,2009,0.0
MONGOLIA,MNG,2010,0.0
MONGOLIA,MNG,2013,0.0
MONGOLIA,MNG,2014,0.0
MONGOLIA,MNG,2015,0.0
MONTSERRAT,MSR,2000,9.0
MONTSERRAT,MSR,2001,1.0
MONTSERRAT,MSR,2002,1.0
MONTSERRAT,MSR,2003,1.0
MONTSERRAT,MSR,2004,0.0
MONTSERRAT,MSR,2005,0.0
MONTSERRAT,MSR,2006,0.0
MONTSERRAT,MSR,2007,0.0
MONTSERRAT,MSR,2008,2.0
MONTSERRAT,MSR,2009,0.0
MONTSERRAT,MSR,2010,0.0
MONTSERRAT,MSR,2011,3.0
MONTSERRAT,MSR,2012,0.0
MONTSERRAT,MSR,2013,3.0
MONTSERRAT,MSR,2014,0.0
MONTSERRAT,MSR,2015,0.0
MONTSERRAT,MSR,2016,0.0
MONTSERRAT,MSR,2017,0.0
MONTSERRAT,MSR,2018,0.0
MONTSERRAT,MSR,2019,0.08333333333333333
MONTSERRAT,MSR,2020,0.0
MONTSERRAT,MSR,2021,0.6666666666666666
MONTSERRAT,MSR,2022,0.2
MYANMAR,MMR,2000,1222.0
MYANMAR,MMR,2001,15503.0
MYANMAR,MMR,2002,15663.0
MYANMAR,MMR,2003,6792.0
MYANMAR,MMR,2004,6624.0
MYANMAR,MMR,2005,16965.0
MYANMAR,MMR,2006,10392.0
MYANMAR,MMR,2007,14658.0
MYANMAR,MMR,2008,17281.0
MYANMAR,MMR,2009,23681.0
MYANMAR,MMR,2010,15631.0
MYANMAR,MMR,2011,4297.0
MYANMAR,MMR,2012,5606.0
MYANMAR,MMR,2013,21366.0
MYANMAR,MMR,2014,13480.0
MYANMAR,MMR,2015,42540.0
MYANMAR,MMR,2016,10023.0
MYANMAR,MMR,2017,30709.0
MYANMAR,MMR,2018,22659.0
NAURU,NRU,2000,0.0
NAURU,NRU,2001,0.0
NAURU,NRU,2002,0.0
NAURU,NRU,2003,233.0
NAURU,NRU,2004,0.0
NAURU,NRU,2008,2.0
NAURU,NRU,2009,0.0
NAURU,NRU,2010,0.0
NAURU,NRU,2016,0.0
NAURU,NRU,2017,241.75
NAURU,NRU,2018,114.0
NEPAL,NPL,2000,0.0
NEPAL,NPL,2001,0.0
NEPAL,NPL,2002,0.0
NEPAL,NPL,2003,0.0
NEPAL,NPL,2004,0.0
NEPAL,NPL,2005,0.0
NEPAL,NPL,2006,32.0
NEPAL,NPL,2007,27.0
NEPAL,NPL,2008,10.0
NEPAL,NPL,2009,30.0
NEPAL,NPL,2010,917.0
NEPAL,NPL,2011,79.0
NEPAL,NPL,2012,183.0
NEPAL,NPL,2013,642.0
NEPAL,NPL,2014,356.0
NEPAL,NPL,2015,26.0
NEPAL,NPL,2016,1523.0
NEPAL,NPL,2017,1201.0
NEPAL,NPL,2018,230.0
NEPAL,NPL,2019,12100.0
NEPAL,NPL,2021,530.0
NEW CALEDONIA,NCL,2000,15.0
NEW CALEDONIA,NCL,2001,34.0
NEW CALEDONIA,NCL,2002,105.0
NEW CALEDONIA,NCL,2003,5673.0
NEW CALEDONIA,NCL,2004,792.0
NEW CALEDONIA,NCL,2005,46.0
NEW CALEDONIA,NCL,2006,48.0
NEW CALEDONIA,NCL,2007,47.0
NEW CALEDONIA,NCL,2008,1179.0
NEW CALEDONIA,NCL,2009,8610.0
NEW CALEDONIA,NCL,2010,113.0
NEW CALEDONIA,NCL,2012,61.916666666666664
NEW CALEDONIA,NCL,2013,1718.75
NEW CALEDONIA,NCL,2017,718.6666666666666
NEW CALEDONIA,NCL,2018,336.5
NEW CALEDONIA,NCL,2019,649.5
NEW CALEDONIA,NCL,2020,4.916666666666667
NEW CALEDONIA,NCL,2021,11.5
NEW CALEDONIA,NCL,2022,43.166666666666664
NEW CALEDONIA,NCL,2023,402.5
NICARAGUA,NIC,2000,7317.0
NICARAGUA,NIC,2001,194.41666666666666
NICARAGUA,NIC,2002,189.08333333333334
NICARAGUA,NIC,2003,2990.0
NICARAGUA,NIC,2004,777.5833333333334
NICARAGUA,NIC,2005,1229.0833333333333
NICARAGUA,NIC,2006,884.75
NICARAGUA,NIC,2007,1023.1666666666666
NICARAGUA,NIC,2008,722.1666666666666
NICARAGUA,NIC,2009,1505.25
NICARAGUA,NIC,2010,2097.8333333333335
NICARAGUA,NIC,2011,11888.0
NICARAGUA,NIC,2012,2573.1666666666665
NICARAGUA,NIC,2013,38803.0
NICARAGUA,NIC,2014,2916.5
NICARAGUA,NIC,2015,4110.5
NICARAGUA,NIC,2016,7371.916666666667
NICARAGUA,NIC,2017,5789.333333333333
NICARAGUA,NIC,2018,4942.916666666667
NICARAGUA,NIC,2019,15533.75
NICARAGUA,NIC,2020,4372.0
NICARAGUA,NIC,2021,3061.75
NICARAGUA,NIC,2022,8128.416666666667
NIUE,NIU,2000,0.0
NIUE,NIU,2001,1.0
NIUE,NIU,2002,0.0
NIUE,NIU,2003,0.0
NIUE,NIU,2004,0.0
NIUE,NIU,2005,0.0
NIUE,NIU,2008,3.0
NIUE,NIU,2009,0.0
NIUE,NIU,2010,0.0
NIUE,NIU,2016,0.0
NIUE,NIU,2017,1.375
NIUE,NIU,2018,0.0
NIUE,NIU,2019,0.0
NIUE,NIU,2020,0.0
NIUE,NIU,2021,0.0
NIUE,NIU,2022,1.0
NIUE,NIU,2023,4.333333333333333
NORTHERN MARIANA ISLANDS,MNP,2000,0.0
NORTHERN MARIANA ISLANDS,MNP,2001,1418.0
NORTHERN MARIANA ISLANDS,MNP,2002,0.0
NORTHERN MARIANA ISLANDS,MNP,2003,0.0
NORTHERN MARIANA ISLANDS,MNP,2004,0.0
NORTHERN MARIANA ISLANDS,MNP,2009,0.0
NORTHERN MARIANA ISLANDS,MNP,2010,0.0
NORTHERN MARIANA ISLANDS,MNP,2017,0.0
NORTHERN MARIANA ISLANDS,MNP,2018,0.0
NORTHERN MARIANA ISLANDS,MNP,2019,0.4444444444444444
NORTHERN MARIANA ISLANDS,MNP,2020,0.0
NORTHERN MARIANA ISLANDS,MNP,2021,0.0
NORTHERN MARIANA ISLANDS,MNP,2022,77.41666666666667
NORTHERN MARIANA ISLANDS,MNP,2023,116.5
PAKISTAN,PAK,2013,2266.375
PAKISTAN,PAK,2017,4937.0
PAKISTAN,PAK,2019,2043.1666666666667
PAKISTAN,PAK,2020,386.6
PAKISTAN,PAK,2021,560.1818181818181
PAKISTAN,PAK,2022,96.4
PALAU,PLW,2000,1208.0
PALAU,PLW,2001,863.0
PALAU,PLW,2002,45.0
PALAU,PLW,2003,15.0
PALAU,PLW,2004,37.0
PALAU,PLW,2006,28.0
PALAU,PLW,2007,80.0
PALAU,PLW,2008,204.0
PALAU,PLW,2009,4.0
PALAU,PLW,2010,9.0
PALAU,PLW,2013,9.0
PALAU,PLW,2014,13.0
PALAU,PLW,2017,112.1
PALAU,PLW,2018,83.5
PALAU,PLW,2019,196.54545454545453
PALAU,PLW,2020,9.0
PALAU,PLW,2021,1.25
PALAU,PLW,2022,10.166666666666666
PALAU,PLW,2023,14.833333333333334
PANAMA,PAN,2000,317.0
PANAMA,PAN,2001,1545.0
PANAMA,PAN,2002,711.0
PANAMA,PAN,2003,293.0
PANAMA,PAN,2004,373.0
PANAMA,PAN,2005,4000.0
PANAMA,PAN,2006,4300.0
PANAMA,PAN,2007,3402.0
PANAMA,PAN,2008,2287.0
PANAMA,PAN,2009,6811.0
PANAMA,PAN,2010,450.8333333333333
PANAMA,PAN,2011,827.0
PANAMA,PAN,2012,435.0
PANAMA,PAN,2013,4774.0
PANAMA,PAN,2014,206.9
PANAMA,PAN,2015,155.33333333333334
PANAMA,PAN,2016,551.0833333333334
PANAMA,PAN,2017,772.9166666666666
PANAMA,PAN,2018,570.75
PANAMA,PAN,2019,811.75
PANAMA,PAN,2020,303.75
PANAMA,PAN,2021,257.9166666666667
PANAMA,PAN,2022,931.0
PAPUA NEW GUINEA,PNG,2001,0.0
PAPUA NEW GUINEA,PNG,2002,22.0
PAPUA NEW GUINEA,PNG,2009,28.0
PAPUA NEW GUINEA,PNG,2011,3.0
PAPUA NEW GUINEA,PNG,2014,6.0
PARAGUAY,PRY,2000,24282.0
PARAGUAY,PRY,2001,38.0
PARAGUAY,PRY,2002,1871.0
PARAGUAY,PRY,2003,137.0
PARAGUAY,PRY,2004,164.0
PARAGUAY,PRY,2005,405.0
PARAGUAY,PRY,2006,4271.0
PARAGUAY,PRY,2007,37277.0
PARAGUAY,PRY,2008,1953.0
PARAGUAY,PRY,2009,6143.0
PARAGUAY,PRY,2010,13553.0
PARAGUAY,PRY,2011,42945.0
PARAGUAY,PRY,2012,39063.0
PARAGUAY,PRY,2013,72437.5
PARAGUAY,PRY,2014,957.5
PARAGUAY,PRY,2015,4586.777777777777
PARAGUAY,PRY,2016,5851.25
PARAGUAY,PRY,2017,238.45454545454547
PARAGUAY,PRY,2018,2622.0
PARAGUAY,PRY,2019,1357.9166666666667
PARAGUAY,PRY,2020,18271.666666666668
PARAGUAY,PRY,2021,1408.0833333333333
PARAGUAY,PRY,2022,1473.2
PERU,PER,2000,5486.0
PERU,PER,2001,23329.0
PERU,PER,2002,8875.0
PERU,PER,2003,3637.0
PERU,PER,2004,9774.0
PERU,PER,2005,6358.0
PERU,PER,2006,5531.0
PERU,PER,2007,6907.0
PERU,PER,2008,1041.0833333333333
PERU,PER,2009,8813.0
PERU,PER,2010,18392.0
PERU,PER,2011,2740.818181818182
PERU,PER,2012,29994.0
PERU,PER,2013,1228.5
PERU,PER,2014,1574.5833333333333
PERU,PER,2015,4380.5
PERU,PER,2016,2655.6666666666665
PERU,PER,2017,6351.916666666667
PERU,PER,2018,625.3636363636364
PERU,PER,2019,1468.5
PERU,PER,2020,4648.333333333333
PERU,PER,2021,4106.166666666667
PERU,PER,2022,6040.75
PHILIPPINES,PHL,2000,736.25
PHILIPPINES,PHL,2001,2274.5833333333335
PHILIPPINES,PHL,2002,16663.0
PHILIPPINES,PHL,2003,29946.0
PHILIPPINES,PHL,2004,23040.0
PHILIPPINES,PHL,2005,33901.0
PHILIPPINES,PHL,2006,37101.0
PHILIPPINES,PHL,2007,55639.0
PHILIPPINES,PHL,2008,39620.0
PHILIPPINES,PHL,2009,57819.0
PHILIPPINES,PHL,2010,135355.0
PHILIPPINES,PHL,2011,9784.833333333334
PHILIPPINES,PHL,2012,67699.0
PHILIPPINES,PHL,2013,49730.833333333336
PHILIPPINES,PHL,2014,18826.166666666668
PHILIPPINES,PHL,2015,34816.72727272727
PHILIPPINES,PHL,2016,39583.4
PHILIPPINES,PHL,2017,23996.0
PHILIPPINES,PHL,2018,35994.166666666664
PHILIPPINES,PHL,2019,72732.91666666667
PHILIPPINES,PHL,2020,88595.0
PHILIPPINES,PHL,2021,79592.0
PHILIPPINES,PHL,2022,18289.083333333332
PITCAIRN,PCN,2000,0.0
PITCAIRN,PCN,2001,0.0
PITCAIRN,PCN,2002,0.0
PITCAIRN,PCN,2003,0.0
PITCAIRN,PCN,2017,0.0
PITCAIRN,PCN,2018,0.0
PITCAIRN,PCN,2019,0.0
PITCAIRN,PCN,2020,0.0
PITCAIRN,PCN,2021,0.0
PITCAIRN,PCN,2022,0.0
PITCAIRN,PCN,2023,0.0
PUERTO RICO,PRI,2000,2433.0
PUERTO RICO,PRI,2001,5233.0
PUERTO RICO,PRI,2002,2906.0
PUERTO RICO,PRI,2003,3735.0
PUERTO RICO,PRI,2004,3288.0
PUERTO RICO,PRI,2005,5701.0
PUERTO RICO,PRI,2006,3043.0
PUERTO RICO,PRI,2007,11012.0
PUERTO RICO,PRI,2008,3384.0
PUERTO RICO,PRI,2009,6651.0
PUERTO RICO,PRI,2010,21298.0
PUERTO RICO,PRI,2011,5654.0
PUERTO RICO,PRI,2012,12298.0
PUERTO RICO,PRI,2013,9139.0
PUERTO RICO,PRI,2014,730.5
PUERTO RICO,PRI,2015,115.91666666666667
PUERTO RICO,PRI,2016,14.0
PUERTO RICO,PRI,2017,0.0
PUERTO RICO,PRI,2018,0.0
PUERTO RICO,PRI,2019,3.9166666666666665
PUERTO RICO,PRI,2020,75.33333333333333
PUERTO RICO,PRI,2021,51.333333333333336
PUERTO RICO,PRI,2022,80.75
SAINT BARTHELEMY,BLM,2013,966.0
SAINT BARTHELEMY,BLM,2014,0.0
SAINT BARTHELEMY,BLM,2015,0.8
SAINT BARTHELEMY,BLM,2016,6.5
SAINT BARTHELEMY,BLM,2017,4.583333333333333
SAINT BARTHELEMY,BLM,2018,0.0
SAINT BARTHELEMY,BLM,2019,1.6666666666666667
SAINT BARTHELEMY,BLM,2020,133.91666666666666
SAINT BARTHELEMY,BLM,2021,5.833333333333333
SAINT BARTHELEMY,BLM,2022,0.0
SAINT KITTS AND NEVIS,KNA,2000,5.0
SAINT KITTS AND NEVIS,KNA,2001,89.0
SAINT KITTS AND NEVIS,KNA,2002,20.0
SAINT KITTS AND NEVIS,KNA,2003,2.0
SAINT KITTS AND NEVIS,KNA,2004,4.0
SAINT KITTS AND NEVIS,KNA,2005,1.0
SAINT KITTS AND NEVIS,KNA,2006,1.0
SAINT KITTS AND NEVIS,KNA,2007,0.0
SAINT KITTS AND NEVIS,KNA,2008,49.0
SAINT KITTS AND NEVIS,KNA,2009,2.0
SAINT KITTS AND NEVIS,KNA,2010,19.0
SAINT KITTS AND NEVIS,KNA,2011,47.0
SAINT KITTS AND NEVIS,KNA,2012,2.0
SAINT KITTS AND NEVIS,KNA,2013,100.0
SAINT KITTS AND NEVIS,KNA,2015,0.0
SAINT KITTS AND NEVIS,KNA,2016,0.0
SAINT KITTS AND NEVIS,KNA,2017,0.0
SAINT KITTS AND NEVIS,KNA,2018,0.5
SAINT KITTS AND NEVIS,KNA,2019,4.0
SAINT KITTS AND NEVIS,KNA,2020,0.25
SAINT KITTS AND NEVIS,KNA,2021,0.0
SAINT KITTS AND NEVIS,KNA,2022,0.0
SAINT LUCIA,LCA,2000,0.0
SAINT LUCIA,LCA,2001,292.0
SAINT LUCIA,LCA,2002,51.0
SAINT LUCIA,LCA,2003,5.0
SAINT LUCIA,LCA,2004,11.0
SAINT LUCIA,LCA,2005,2.0
SAINT LUCIA,LCA,2006,30.0
SAINT LUCIA,LCA,2007,39.0
SAINT LUCIA,LCA,2008,98.0
SAINT LUCIA,LCA,2009,18.0
SAINT LUCIA,LCA,2010,74.0
SAINT LUCIA,LCA,2011,585.0
SAINT LUCIA,LCA,2012,10.0
SAINT LUCIA,LCA,2013,234.0
SAINT LUCIA,LCA,2014,6.0
SAINT LUCIA,LCA,2015,0.6666666666666666
SAINT LUCIA,LCA,2017,2.75
SAINT LUCIA,LCA,2018,7.5
SAINT LUCIA,LCA,2019,1.6666666666666667
SAINT LUCIA,LCA,2020,109.83333333333333
SAINT LUCIA,LCA,2021,2.75
SAINT LUCIA,LCA,2022,1.25
SAINT MARTIN,MAF,2009,1698.0
SAINT MARTIN,MAF,2010,2450.0
SAINT MARTIN,MAF,2011,168.0
SAINT MARTIN,MAF,2012,313.0
SAINT MARTIN,MAF,2013,3095.0
SAINT MARTIN,MAF,2014,0.75
SAINT MARTIN,MAF,2015,0.0
SAINT MARTIN,MAF,2016,0.0
SAINT MARTIN,MAF,2017,17.444444444444443
SAINT MARTIN,MAF,2018,8.75
SAINT MARTIN,MAF,2019,24.0
SAINT MARTIN,MAF,2020,224.33333333333334
SAINT MARTIN,MAF,2021,14.333333333333334
SAINT MARTIN,MAF,2022,0.0
SAINT VINCENT AND THE GRENADINES,VCT,2000,5.0
SAINT VINCENT AND THE GRENADINES,VCT,2001,3.0
SAINT VINCENT AND THE GRENADINES,VCT,2002,1104.0
SAINT VINCENT AND THE GRENADINES,VCT,2003,6.0
SAINT VINCENT AND THE GRENADINES,VCT,2004,4.0
SAINT VINCENT AND THE GRENADINES,VCT,2005,8.0
SAINT VINCENT AND THE GRENADINES,VCT,2006,5.0
SAINT VINCENT AND THE GRENADINES,VCT,2007,2.0
SAINT VINCENT AND THE GRENADINES,VCT,2008,6.0
SAINT VINCENT AND THE GRENADINES,VCT,2009,10.0
SAINT VINCENT AND THE GRENADINES,VCT,2010,133.0
SAINT VINCENT AND THE GRENADINES,VCT,2011,47.0
SAINT VINCENT AND THE GRENADINES,VCT,2012,91.0
SAINT VINCENT AND THE GRENADINES,VCT,2013,127.0
SAINT VINCENT AND THE GRENADINES,VCT,2014,0.0
SAINT VINCENT AND THE GRENADINES,VCT,2017,0.09090909090909091
SAINT VINCENT AND THE GRENADINES,VCT,2018,0.0
SAINT VINCENT AND THE GRENADINES,VCT,2019,0.0
SAINT VINCENT AND THE GRENADINES,VCT,2020,115.5
SAINT VINCENT AND THE GRENADINES,VCT,2021,0.25
SAINT VINCENT AND THE GRENADINES,VCT,2022,0.0
SAMOA,WSM,2000,200.0
SAMOA,WSM,2001,163.0
SAMOA,WSM,2002,2.0
SAMOA,WSM,2003,0.0
SAMOA,WSM,2004,1.0
SAMOA,WSM,2005,2.0
SAMOA,WSM,2006,29.0
SAMOA,WSM,2007,23.0
SAMOA,WSM,2008,677.0
SAMOA,WSM,2017,2724.0
SAMOA,WSM,2018,24.625
SAMOA,WSM,2019,20.2
SAMOA,WSM,2020,0.6
SAMOA,WSM,2021,5.0
SAMOA,WSM,2022,2041.0
SAMOA,WSM,2023,4143.0
SAUDI ARABIA,SAU,2006,128.66666666666666
SAUDI ARABIA,SAU,2007,40.833333333333336
SAUDI ARABIA,SAU,2008,76.08333333333333
SAUDI ARABIA,SAU,2009,279.1666666666667
SAUDI ARABIA,SAU,2010,293.8333333333333
SAUDI ARABIA,SAU,2011,275.1666666666667
SAUDI ARABIA,SAU,2012,145.75
SAUDI ARABIA,SAU,2013,542.6666666666666
SAUDI ARABIA,SAU,2014,173.41666666666666
SAUDI ARABIA,SAU,2015,359.3333333333333
SAUDI ARABIA,SAU,2016,452.3333333333333
SAUDI ARABIA,SAU,2017,288.5
SAUDI ARABIA,SAU,2018,844.5833333333334
SAUDI ARABIA,SAU,2019,185.66666666666666
SAUDI ARABIA,SAU,2020,329.0
SAUDI ARABIA,SAU,2021,472.9166666666667
SAUDI ARABIA,SAU,2022,122.5
SAUDI ARABIA,SAU,2023,1481.6
SINGAPORE,SGP,2000,112.16666666666667
SINGAPORE,SGP,2001,397.5833333333333
SINGAPORE,SGP,2002,657.6666666666666
SINGAPORE,SGP,2003,785.1666666666666
SINGAPORE,SGP,2004,1564.9166666666667
SINGAPORE,SGP,2005,2332.6666666666665
SINGAPORE,SGP,2006,521.9166666666666
SINGAPORE,SGP,2007,1469.8333333333333
SINGAPORE,SGP,2008,1158.0
SINGAPORE,SGP,2009,745.0833333333334
SINGAPORE,SGP,2010,889.8333333333334
SINGAPORE,SGP,2011,438.8333333333333
SINGAPORE,SGP,2012,394.5
SINGAPORE,SGP,2013,3714.5833333333335
SINGAPORE,SGP,2014,3016.3333333333335
SINGAPORE,SGP,2015,1882.1666666666667
SINGAPORE,SGP,2016,2182.9166666666665
SINGAPORE,SGP,2017,467.0833333333333
SINGAPORE,SGP,2018,681.4285714285714
SINGAPORE,SGP,2019,2667.1666666666665
SINGAPORE,SGP,2020,2913.25
SINGAPORE,SGP,2021,437.0833333333333
SINGAPORE,SGP,2022,2654.4166666666665
SINT MAARTEN,SXM,2015,1.0
SINT MAARTEN,SXM,2016,0.0
SINT MAARTEN,SXM,2017,0.0
SINT MAARTEN,SXM,2018,0.0
SINT MAARTEN,SXM,2019,0.6666666666666666
SINT MAARTEN,SXM,2020,0.0
SOLOMON ISLANDS,SLB,2000,0.0
SOLOMON ISLANDS,SLB,2001,0.0
SOLOMON ISLANDS,SLB,2002,30.0
SOLOMON ISLANDS,SLB,2003,0.0
SOLOMON ISLANDS,SLB,2004,0.0
SOLOMON ISLANDS,SLB,2008,3.0
SOLOMON ISLANDS,SLB,2009,0.0
SOLOMON ISLANDS,SLB,2010,0.0
SOLOMON ISLANDS,SLB,2013,9500.0
SOLOMON ISLANDS,SLB,2016,1960.0
SOLOMON ISLANDS,SLB,2017,56.666666666666664
SOLOMON ISLANDS,SLB,2018,34.0
SOLOMON ISLANDS,SLB,2019,33.63636363636363
SOLOMON ISLANDS,SLB,2020,15.0
SOLOMON ISLANDS,SLB,2021,39.75
SOLOMON ISLANDS,SLB,2022,757.4166666666666
SOLOMON ISLANDS,SLB,2023,878.3333333333334
SRI LANKA,LKA,2000,3343.0
SRI LANKA,LKA,2001,4304.0
SRI LANKA,LKA,2002,8931.0
SRI LANKA,LKA,2003,4749.0
SRI LANKA,LKA,2004,15463.0
SRI LANKA,LKA,2005,5994.0
SRI LANKA,LKA,2006,11980.0
SRI LANKA,LKA,2007,7314.0
SRI LANKA,LKA,2008,6555.0
SRI LANKA,LKA,2009,35010.0
SRI LANKA,LKA,2010,2832.3333333333335
SRI LANKA,LKA,2011,2301.1666666666665
SRI LANKA,LKA,2012,3648.5833333333335
SRI LANKA,LKA,2013,2537.5
SRI LANKA,LKA,2014,3794.5833333333335
SRI LANKA,LKA,2015,2308.5
SRI LANKA,LKA,2016,4246.166666666667
SRI LANKA,LKA,2017,14689.333333333334
SRI LANKA,LKA,2018,4135.75
SRI LANKA,LKA,2019,8003.75
SRI LANKA,LKA,2020,2562.25
SRI LANKA,LKA,2021,1970.5833333333333
SRI LANKA,LKA,2022,5166.125
SUDAN,SDN,2019,1853.6
SURINAME,SUR,2000,1073.0
SURINAME,SUR,2001,760.0
SURINAME,SUR,2002,1104.0
SURINAME,SUR,2003,285.0
SURINAME,SUR,2004,375.0
SURINAME,SUR,2005,2853.0
SURINAME,SUR,2006,285.0
SURINAME,SUR,2007,41.0
SURINAME,SUR,2008,24.0
SURINAME,SUR,2009,120.0
SURINAME,SUR,2010,113.0
SURINAME,SUR,2011,409.0
SURINAME,SUR,2012,781.0
SURINAME,SUR,2013,21.0
SURINAME,SUR,2014,2.0
SURINAME,SUR,2017,7.0
SURINAME,SUR,2018,9.666666666666666
SURINAME,SUR,2019,8.166666666666666
SURINAME,SUR,2020,45.916666666666664
SURINAME,SUR,2021,0.8333333333333334
SURINAME,SUR,2022,1.0833333333333333
TAIWAN,TWN,2000,9.833333333333334
TAIWAN,TWN,2001,20.25
TAIWAN,TWN,2002,426.0833333333333
TAIWAN,TWN,2003,7.083333333333333
TAIWAN,TWN,2004,47.857142857142854
TAIWAN,TWN,2005,27.571428571428573
TAIWAN,TWN,2006,80.16666666666667
TAIWAN,TWN,2007,215.22222222222223
TAIWAN,TWN,2008,39.833333333333336
TAIWAN,TWN,2009,120.0
TAIWAN,TWN,2010,127.83333333333333
TAIWAN,TWN,2011,192.875
TAIWAN,TWN,2012,115.81818181818181
TAIWAN,TWN,2013,596.0
TAIWAN,TWN,2014,15509.0
TAIWAN,TWN,2015,43467.0
TAIWAN,TWN,2016,381.0
TAIWAN,TWN,2017,10.0
TAIWAN,TWN,2018,183.0
TAIWAN,TWN,2019,100.0
TAIWAN,TWN,2020,12.166666666666666
TAIWAN,TWN,2022,5.0
TAIWAN,TWN,2023,138.33333333333334
THAILAND,THA,2000,1567.6666666666667
THAILAND,THA,2001,11675.583333333334
THAILAND,THA,2002,9612.75
THAILAND,THA,2003,5243.75
THAILAND,THA,2004,3211.25
THAILAND,THA,2005,3841.0
THAILAND,THA,2006,3547.9166666666665
THAILAND,THA,2007,5269.5
THAILAND,THA,2008,7495.5
THAILAND,THA,2009,2114.25
THAILAND,THA,2010,4429.083333333333
THAILAND,THA,2011,2479.9166666666665
THAILAND,THA,2012,2109.6666666666665
THAILAND,THA,2013,7291.833333333333
THAILAND,THA,2014,1930.8333333333333
THAILAND,THA,2015,7221.083333333333
THAILAND,THA,2016,3205.5
THAILAND,THA,2017,2653.5833333333335
THAILAND,THA,2018,4589.666666666667
THAILAND,THA,2019,7322.166666666667
THAILAND,THA,2020,4242.583333333333
THAILAND,THA,2021,648.1666666666666
THAILAND,THA,2022,2883.75
TIMOR-LESTE,TLS,2000,0.0
TIMOR-LESTE,TLS,2001,0.0
TIMOR-LESTE,TLS,2002,0.0
TIMOR-LESTE,TLS,2003,0.0
TIMOR-LESTE,TLS,2004,434.0
TIMOR-LESTE,TLS,2005,1128.0
TIMOR-LESTE,TLS,2006,162.0
TIMOR-LESTE,TLS,2007,227.0
TIMOR-LESTE,TLS,2008,108.0
TIMOR-LESTE,TLS,2009,175.0
TIMOR-LESTE,TLS,2010,433.0
TIMOR-LESTE,TLS,2011,302.0
TIMOR-LESTE,TLS,2012,751.0
TIMOR-LESTE,TLS,2013,502.0
TIMOR-LESTE,TLS,2020,1451.0
TIMOR-LESTE,TLS,2021,901.0
TIMOR-LESTE,TLS,2022,2374.0
TOKELAU,TKL,2000,0.0
TOKELAU,TKL,2001,4.0
TOKELAU,TKL,2002,0.0
TOKELAU,TKL,2003,0.0
TOKELAU,TKL,2004,0.0
TOKELAU,TKL,2009,0.0
TOKELAU,TKL,2017,0.5555555555555556
TOKELAU,TKL,2018,0.0
TOKELAU,TKL,2019,0.0
TOKELAU,TKL,2020,0.0
TOKELAU,TKL,2021,0.0
TOKELAU,TKL,2022,0.2727272727272727
TOKELAU,TKL,2023,5.5
TONGA,TON,2000,0.0
TONGA,TON,2001,0.0
TONGA,TON,2002,0.0
TONGA,TON,2003,80.0
TONGA,TON,2004,3.0
TONGA,TON,2007,62.0
TONGA,TON,2008,195.0
TONGA,TON,2009,273.0
TONGA,TON,2010,30.0
TONGA,TON,2014,51.0
TONGA,TON,2015,1559.0
TONGA,TON,2017,10.3
TONGA,TON,2018,31.75
TONGA,TON,2019,0.36363636363636365
TONGA,TON,2020,0.14285714285714285
TONGA,TON,2021,0.0
TONGA,TON,2022,153.75
TONGA,TON,2023,356.8333333333333
TRINIDAD AND TOBAGO,TTO,2000,2066.0
TRINIDAD AND TOBAGO,TTO,2001,2244.0
TRINIDAD AND TOBAGO,TTO,2002,6246.0
TRINIDAD AND TOBAGO,TTO,2003,2289.0
TRINIDAD AND TOBAGO,TTO,2004,546.0
TRINIDAD AND TOBAGO,TTO,2005,411.0
TRINIDAD AND TOBAGO,TTO,2006,37.0
TRINIDAD AND TOBAGO,TTO,2007,47.0
TRINIDAD AND TOBAGO,TTO,2008,2366.0
TRINIDAD AND TOBAGO,TTO,2009,24.0
TRINIDAD AND TOBAGO,TTO,2010,2497.0
TRINIDAD AND TOBAGO,TTO,2011,1243.0
TRINIDAD AND TOBAGO,TTO,2012,0.0
TRINIDAD AND TOBAGO,TTO,2013,0.0
TRINIDAD AND TOBAGO,TTO,2016,49.5
TRINIDAD AND TOBAGO,TTO,2017,2.5
TRINIDAD AND TOBAGO,TTO,2019,23.0
TRINIDAD AND TOBAGO,TTO,2020,0.0
TRINIDAD AND TOBAGO,TTO,2021,0.0
TRINIDAD AND TOBAGO,TTO,2022,2.0
TURKS AND CAICOS ISLANDS,TCA,2000,0.0
TURKS AND CAICOS ISLANDS,TCA,2001,0.0
TURKS AND CAICOS ISLANDS,TCA,2002,0.0
TURKS AND CAICOS ISLANDS,TCA,2003,2.0
TURKS AND CAICOS ISLANDS,TCA,2004,1.0
TURKS AND CAICOS ISLANDS,TCA,2005,1.0
TURKS AND CAICOS ISLANDS,TCA,2006,0.0
TURKS AND CAICOS ISLANDS,TCA,2007,0.0
TURKS AND CAICOS ISLANDS,TCA,2008,0.0
TURKS AND CAICOS ISLANDS,TCA,2009,0.0
TURKS AND CAICOS ISLANDS,TCA,2010,0.0
TURKS AND CAICOS ISLANDS,TCA,2011,24.0
TURKS AND CAICOS ISLANDS,TCA,2012,14.0
TURKS AND CAICOS ISLANDS,TCA,2013,5.0
TURKS AND CAICOS ISLANDS,TCA,2016,0.0
TURKS AND CAICOS ISLANDS,TCA,2017,0.0
TURKS AND CAICOS ISLANDS,TCA,2018,0.0
TURKS AND CAICOS ISLANDS,TCA,2019,0.5454545454545454
TURKS AND CAICOS ISLANDS,TCA,2020,0.0
TURKS AND CAICOS ISLANDS,TCA,2021,0.0
TURKS AND CAICOS ISLANDS,TCA,2022,0.0
TUVALU,TUV,2000,0.0
TUVALU,TUV,2001,0.0
TUVALU,TUV,2002,0.0
TUVALU,TUV,2003,0.0
TUVALU,TUV,2004,0.0
TUVALU,TUV,2007,0.0
TUVALU,TUV,2009,0.0
TUVALU,TUV,2010,0.0
TUVALU,TUV,2017,0.0
TUVALU,TUV,2018,0.0
TUVALU,TUV,2019,58.72727272727273
TUVALU,TUV,2020,1.0
TUVALU,TUV,2021,0.0
TUVALU,TUV,2022,31.0
TUVALU,TUV,2023,24.666666666666668
UNITED STATES OF AMERICA,USA,2001,96.0
UNITED STATES OF AMERICA,USA,2002,29.0
UNITED STATES OF AMERICA,USA,2003,40.0
UNITED STATES OF AMERICA,USA,2006,143.0
UNITED STATES OF AMERICA,USA,2007,488.0
UNITED STATES OF AMERICA,USA,2008,0.0
UNITED STATES OF AMERICA,USA,2009,3.0
UNITED STATES OF AMERICA,USA,2010,65.0
UNITED STATES OF AMERICA,USA,2011,7.0
UNITED STATES OF AMERICA,USA,2012,186.0
UNITED STATES OF AMERICA,USA,2013,276.0
UNITED STATES OF AMERICA,USA,2014,54.916666666666664
UNITED STATES OF AMERICA,USA,2015,78.75
UNITED STATES OF AMERICA,USA,2016,82.5
UNITED STATES OF AMERICA,USA,2017,37.75
UNITED STATES OF AMERICA,USA,2018,27.583333333333332
UNITED STATES OF AMERICA,USA,2019,96.5
UNITED STATES OF AMERICA,USA,2020,27.818181818181817
UNITED STATES OF AMERICA,USA,2021,9.5
UNITED STATES OF AMERICA,USA,2022,89.16666666666667
URUGUAY,URY,2003,0.0
URUGUAY,URY,2004,0.0
URUGUAY,URY,2005,0.0
URUGUAY,URY,2006,0.0
URUGUAY,URY,2007,0.0
URUGUAY,URY,2008,0.0
URUGUAY,URY,2009,0.0
URUGUAY,URY,2010,0.0
URUGUAY,URY,2011,0.0
URUGUAY,URY,2012,0.0
URUGUAY,URY,2013,0.0
URUGUAY,URY,2014,0.0
URUGUAY,URY,2015,1.0833333333333333
URUGUAY,URY,2016,147.41666666666666
URUGUAY,URY,2017,0.0
URUGUAY,URY,2018,0.0
URUGUAY,URY,2019,0.0
URUGUAY,URY,2020,0.3333333333333333
URUGUAY,URY,2021,0.0
VANUATU,VUT,2000,0.0
VANUATU,VUT,2001,20.0
VANUATU,VUT,2002,15.0
VANUATU,VUT,2003,122.0
VANUATU,VUT,2004,26.0
VANUATU,VUT,2005,2.0
VANUATU,VUT,2006,168.0
VANUATU,VUT,2007,82.0
VANUATU,VUT,2008,96.0
VANUATU,VUT,2009,45.0
VANUATU,VUT,2010,105.0
VANUATU,VUT,2017,30.555555555555557
VANUATU,VUT,2018,20.583333333333332
VANUATU,VUT,2019,6.2727272727272725
VANUATU,VUT,2020,2.2857142857142856
VANUATU,VUT,2021,4.888888888888889
VANUATU,VUT,2022,216.54545454545453
VANUATU,VUT,2023,752.0
VENEZUELA,VEN,2000,21130.0
VENEZUELA,VEN,2001,83180.0
VENEZUELA,VEN,2002,37676.0
VENEZUELA,VEN,2003,26996.0
VENEZUELA,VEN,2004,30693.0
VENEZUELA,VEN,2005,42198.0
VENEZUELA,VEN,2006,39860.0
VENEZUELA,VEN,2007,80646.0
VENEZUELA,VEN,2008,48048.0
VENEZUELA,VEN,2009,65869.0
VENEZUELA,VEN,2010,123967.0
VENEZUELA,VEN,2011,31551.0
VENEZUELA,VEN,2012,45015.0
VENEZUELA,VEN,2013,32417.0
VENEZUELA,VEN,2014,7391.2
VENEZUELA,VEN,2015,1251.0
VENEZUELA,VEN,2016,2439.0
VENEZUELA,VEN,2017,724.0
VENEZUELA,VEN,2018,1602.1666666666667
VENEZUELA,VEN,2019,1330.25
VENEZUELA,VEN,2020,549.3333333333334
VENEZUELA,VEN,2021,493.8333333333333
VENEZUELA,VEN,2022,903.7272727272727
VIET NAM,VNM,2000,25269.0
VIET NAM,VNM,2001,42878.0
VIET NAM,VNM,2002,31760.0
VIET NAM,VNM,2003,49751.0
VIET NAM,VNM,2004,78692.0
VIET NAM,VNM,2005,4756.666666666667
VIET NAM,VNM,2006,5732.666666666667
VIET NAM,VNM,2007,8712.75
VIET NAM,VNM,2008,96451.0
VIET NAM,VNM,2009,105370.0
VIET NAM,VNM,2010,128831.0
VIET NAM,VNM,2012,6903.166666666667
VIET NAM,VNM,2013,11053.5
VIET NAM,VNM,2014,5085.75
VIET NAM,VNM,2015,16186.25
VIET NAM,VNM,2016,16771.5
VIET NAM,VNM,2017,27018.25
VIET NAM,VNM,2018,20967.5
VIET NAM,VNM,2019,48314.333333333336
VIRGIN ISLANDS (UK),VGB,2000,3.0
VIRGIN ISLANDS (UK),VGB,2001,23.0
VIRGIN ISLANDS (UK),VGB,2002,0.0
VIRGIN ISLANDS (UK),VGB,2003,0.0
VIRGIN ISLANDS (UK),VGB,2004,0.0
VIRGIN ISLANDS (UK),VGB,2005,1.0
VIRGIN ISLANDS (UK),VGB,2006,0.0
VIRGIN ISLANDS (UK),VGB,2007,6.0
VIRGIN ISLANDS (UK),VGB,2008,15.0
VIRGIN ISLANDS (UK),VGB,2009,65.0
VIRGIN ISLANDS (UK),VGB,2010,9.0
VIRGIN ISLANDS (UK),VGB,2011,939.0
VIRGIN ISLANDS (UK),VGB,2012,12.0
VIRGIN ISLANDS (UK),VGB,2013,111.5
VIRGIN ISLANDS (UK),VGB,2014,7.0
VIRGIN ISLANDS (UK),VGB,2015,0.0
VIRGIN ISLANDS (UK),VGB,2016,0.0
VIRGIN ISLANDS (UK),VGB,2017,3.5
VIRGIN ISLANDS (UK),VGB,2018,4.75
VIRGIN ISLANDS (UK),VGB,2019,4.090909090909091
VIRGIN ISLANDS (UK),VGB,2020,0.0
VIRGIN ISLANDS (UK),VGB,2021,0.0
VIRGIN ISLANDS (UK),VGB,2022,0.0
VIRGIN ISLANDS (US),VIR,2007,73.0
VIRGIN ISLANDS (US),VIR,2008,0.0
VIRGIN ISLANDS (US),VIR,2009,0.0
VIRGIN ISLANDS (US),VIR,2010,0.0
VIRGIN ISLANDS (US),VIR,2011,0.0
VIRGIN ISLANDS (US),VIR,2012,0.0
VIRGIN ISLANDS (US),VIR,2013,0.0
VIRGIN ISLANDS (US),VIR,2014,1.5833333333333333
VIRGIN ISLANDS (US),VIR,2015,0.25
VIRGIN ISLANDS (US),VIR,2016,0.9166666666666666
VIRGIN ISLANDS (US),VIR,2017,0.08333333333333333
VIRGIN ISLANDS (US),VIR,2018,0.0
VIRGIN ISLANDS (US),VIR,2019,0.0
VIRGIN ISLANDS (US),VIR,2020,0.0
VIRGIN ISLANDS (US),VIR,2021,0.0
VIRGIN ISLANDS (US),VIR,2022,0.0
WALLIS AND FUTUNA,WLF,2000,0.0
WALLIS AND FUTUNA,WLF,2001,0.0
WALLIS AND FUTUNA,WLF,2002,0.0
WALLIS AND FUTUNA,WLF,2003,2447.0
WALLIS AND FUTUNA,WLF,2004,41.0
WALLIS AND FUTUNA,WLF,2008,0.0
WALLIS AND FUTUNA,WLF,2009,13.0
WALLIS AND FUTUNA,WLF,2013,94.0
WALLIS AND FUTUNA,WLF,2017,222.0
WALLIS AND FUTUNA,WLF,2018,202.0
WALLIS AND FUTUNA,WLF,2019,6.428571428571429
WALLIS AND FUTUNA,WLF,2020,13.916666666666666
WALLIS AND FUTUNA,WLF,2021,7.5
WALLIS AND FUTUNA,WLF,2022,117.9090909090909
WALLIS AND FUTUNA,WLF,2023,600.8333333333334
YEMEN,YEM,2016,2310.3333333333335
YEMEN,YEM,2017,212.0
YEMEN,YEM,2018,2354.5833333333335
YEMEN,YEM,2019,6800.0
YEMEN,YEM,2020,5140.166666666667
YEMEN,YEM,2021,379.27272727272725
