Country,Year,Annual_dengue_total
Afghanistan,2021,4176.0
American Samoa,2000,0.0
American Samoa,2001,500.0
American Samoa,2002,1185.0
American Samoa,2003,0.0
American Samoa,2004,0.0
American Samoa,2005,0.0
American Samoa,2006,53.0
American Samoa,2007,126.0
American Samoa,2008,649.0
American Samoa,2009,419.0
American Samoa,2010,51.0
American Samoa,2015,479.0
American Samoa,2016,0.0
American Samoa,2017,111.0
American Samoa,2018,0.0
American Samoa,2019,4.0
Anguilla,2000,3.0
Anguilla,2001,25.0
Anguilla,2002,5.0
Anguilla,2003,2.0
Anguilla,2004,0.0
Anguilla,2005,0.0
Anguilla,2006,0.0
Anguilla,2007,0.0
Anguilla,2008,9.0
Anguilla,2009,0.0
Anguilla,2010,1.0
Anguilla,2011,9.0
Anguilla,2012,7.0
Anguilla,2013,8.0
Anguilla,2014,2.0
Anguilla,2015,0.0
Anguilla,2017,10.0
Anguilla,2018,1.0
Anguilla,2019,0.0
Anguilla,2020,0.0
Antigua And Barbuda,2000,8.0
Antigua And Barbuda,2001,20.0
Antigua And Barbuda,2002,5.0
Antigua And Barbuda,2003,1.0
Antigua And Barbuda,2004,0.0
Antigua And Barbuda,2005,0.0
Antigua And Barbuda,2006,0.0
Antigua And Barbuda,2007,0.0
Antigua And Barbuda,2008,17.0
Antigua And Barbuda,2009,0.0
Antigua And Barbuda,2010,3.0
Antigua And Barbuda,2011,7.0
Antigua And Barbuda,2012,10.0
Antigua And Barbuda,2013,3.0
Antigua And Barbuda,2014,2.0
Antigua And Barbuda,2015,0.0
Antigua And Barbuda,2016,1.0
Antigua And Barbuda,2017,0.0
Antigua And Barbuda,2018,0.0
Antigua And Barbuda,2019,54.0
Antigua And Barbuda,2020,353.0
Antigua And Barbuda,2021,0.0
Antigua And Barbuda,2022,0.0
Argentina,2000,1700.0
Argentina,2001,11.0
Argentina,2002,234.0
Argentina,2003,135.0
Argentina,2004,3284.0
Argentina,2005,249.0
Argentina,2006,181.0
Argentina,2007,173.0
Argentina,2008,40.0
Argentina,2009,26612.0
Argentina,2010,1185.0
Argentina,2011,213.0
Argentina,2012,2803.0
Argentina,2013,9357.0
Argentina,2014,3207.0
Argentina,2015,4529.0
Argentina,2016,78034.0
Argentina,2017,523.0
Argentina,2018,744.0
Argentina,2019,3283.0
Argentina,2020,59290.0
Argentina,2021,3801.0
Argentina,2022,383.0
Aruba,2000,76.0
Aruba,2001,0.0
Aruba,2002,25.0
Aruba,2004,173.0
Aruba,2005,0.0
Aruba,2006,5.0
Aruba,2007,0.0
Aruba,2008,0.0
Aruba,2009,845.0
Aruba,2010,1415.0
Aruba,2011,3027.0
Aruba,2012,0.0
Aruba,2013,528.0
Aruba,2014,49.0
Aruba,2016,51.0
Aruba,2017,0.0
Aruba,2018,9.0
Aruba,2019,0.0
Aruba,2020,1.0
Aruba,2021,0.0
Aruba,2022,0.0
Australia,2000,217.0
Australia,2001,183.0
Australia,2002,224.0
Australia,2003,868.0
Australia,2004,356.0
Australia,2005,219.0
Australia,2006,188.0
Australia,2007,316.0
Australia,2008,557.0
Australia,2009,1404.0
Australia,2010,1228.0
Australia,2011,821.0
Australia,2012,1539.0
Australia,2013,1841.0
Australia,2014,1721.0
Australia,2015,1716.0
Australia,2016,2239.0
Australia,2017,1135.0
Australia,2018,933.0
Australia,2019,1469.0
Australia,2020,224.0
Australia,2021,11.0
Australia,2022,535.0
Bahamas,2000,0.0
Bahamas,2001,0.0
Bahamas,2002,0.0
Bahamas,2003,180.0
Bahamas,2004,1.0
Bahamas,2005,0.0
Bahamas,2006,1.0
Bahamas,2007,0.0
Bahamas,2008,1.0
Bahamas,2009,0.0
Bahamas,2010,8.0
Bahamas,2011,7000.0
Bahamas,2012,3.0
Bahamas,2013,3.0
Bahamas,2015,3.0
Bahamas,2016,12.0
Bahamas,2017,10.0
Bahamas,2018,2.0
Bahamas,2019,16.0
Bahamas,2020,1.0
Bangladesh,2000,5551.0
Bangladesh,2001,2430.0
Bangladesh,2002,6132.0
Bangladesh,2003,486.0
Bangladesh,2004,3934.0
Bangladesh,2005,1048.0
Bangladesh,2006,2200.0
Bangladesh,2007,466.0
Bangladesh,2008,2304.0
Bangladesh,2009,946.0
Bangladesh,2010,818.0
Bangladesh,2011,1359.0
Bangladesh,2012,671.0
Bangladesh,2013,1749.0
Bangladesh,2014,375.0
Bangladesh,2015,3162.0
Bangladesh,2016,6060.0
Bangladesh,2017,2769.0
Bangladesh,2018,10148.0
Bangladesh,2019,104954.0
Bangladesh,2020,1405.0
Bangladesh,2021,26683.0
Bangladesh,2022,61089.0
Barbados,2000,744.0
Barbados,2001,1057.0
Barbados,2002,740.0
Barbados,2003,557.0
Barbados,2004,349.0
Barbados,2005,320.0
Barbados,2006,1.0
Barbados,2007,0.0
Barbados,2008,1.0
Barbados,2009,55.0
Barbados,2010,2917.0
Barbados,2011,745.0
Barbados,2012,912.0
Barbados,2013,2871.0
Barbados,2014,2666.0
Barbados,2015,503.0
Barbados,2016,1732.0
Barbados,2017,597.0
Barbados,2018,69.0
Barbados,2019,125.0
Barbados,2020,1342.0
Barbados,2021,448.0
Barbados,2022,100.0
Belize,2000,4.0
Belize,2001,3.0
Belize,2002,41.0
Belize,2003,9.0
Belize,2004,2.0
Belize,2005,380.0
Belize,2006,9.0
Belize,2007,40.0
Belize,2008,23.0
Belize,2009,1457.0
Belize,2010,2178.0
Belize,2011,469.0
Belize,2012,1421.0
Belize,2013,2777.0
Belize,2014,4990.0
Belize,2015,5691.0
Belize,2016,4899.0
Belize,2017,3054.0
Belize,2018,2347.0
Belize,2019,13410.0
Belize,2020,2658.0
Belize,2021,1251.0
Belize,2022,0.0
Bermuda,2000,0.0
Bermuda,2001,0.0
Bermuda,2002,0.0
Bermuda,2003,0.0
Bermuda,2004,0.0
Bermuda,2005,2.0
Bermuda,2006,2.0
Bermuda,2007,0.0
Bermuda,2008,0.0
Bermuda,2009,0.0
Bermuda,2010,2.0
Bermuda,2011,1.0
Bermuda,2012,0.0
Bermuda,2013,1.0
Bermuda,2014,1.0
Bermuda,2015,0.0
Bermuda,2016,0.0
Bermuda,2017,0.0
Bermuda,2018,0.0
Bermuda,2019,2.0
Bermuda,2020,0.0
Bermuda,2021,0.0
Bermuda,2022,0.0
Bhutan,2000,0.0
Bhutan,2001,0.0
Bhutan,2002,0.0
Bhutan,2003,0.0
Bhutan,2004,2579.0
Bhutan,2005,19.0
Bhutan,2006,480.0
Bhutan,2007,86.0
Bhutan,2008,73.0
Bhutan,2009,351.0
Bhutan,2010,874.0
Bhutan,2011,712.0
Bhutan,2012,1101.0
Bhutan,2013,111.0
Bhutan,2014,0.0
Bhutan,2015,0.0
Bhutan,2016,550.0
Bhutan,2017,87.0
Bhutan,2018,28.0
Bhutan,2019,5480.0
Bhutan,2020,16.0
Bhutan,2021,5.0
Bolivia,2000,118.0
Bolivia,2001,340.0
Bolivia,2002,892.0
Bolivia,2003,6548.0
Bolivia,2004,7390.0
Bolivia,2005,4292.0
Bolivia,2006,2040.0
Bolivia,2007,7332.0
Bolivia,2008,3181.0
Bolivia,2009,84047.0
Bolivia,2010,5191.0
Bolivia,2011,26681.0
Bolivia,2012,42704.0
Bolivia,2013,13266.0
Bolivia,2014,22409.0
Bolivia,2015,27099.0
Bolivia,2016,34786.0
Bolivia,2017,19990.0
Bolivia,2018,15320.0
Bolivia,2019,21567.0
Bolivia,2020,109498.0
Bolivia,2021,8947.0
Bolivia,2022,17036.0
"Bonaire, Saint Eustatius And Saba",2013,444.0
"Bonaire, Saint Eustatius And Saba",2017,0.0
"Bonaire, Saint Eustatius And Saba",2018,0.0
"Bonaire, Saint Eustatius And Saba",2019,0.0
"Bonaire, Saint Eustatius And Saba",2020,0.0
Brazil,2000,239929.0
Brazil,2001,413067.0
Brazil,2002,780644.0
Brazil,2003,341902.0
Brazil,2004,112928.0
Brazil,2005,203789.0
Brazil,2006,346550.0
Brazil,2007,559954.0
Brazil,2008,561659.0
Brazil,2009,528883.0
Brazil,2010,1004392.0
Brazil,2011,764032.0
Brazil,2012,581840.0
Brazil,2013,1478215.0
Brazil,2014,586774.0
Brazil,2015,1695323.0
Brazil,2016,2220482.0
Brazil,2017,512827.0
Brazil,2018,470269.0
Brazil,2019,2253883.0
Brazil,2020,1446298.0
Brazil,2021,975474.0
Brazil,2022,2226895.0
Brunei Darussalam,2000,0.0
Brunei Darussalam,2001,0.0
Brunei Darussalam,2002,26.0
Brunei Darussalam,2003,160.0
Brunei Darussalam,2004,36.0
Brunei Darussalam,2005,68.0
Brunei Darussalam,2006,68.0
Brunei Darussalam,2007,18.0
Brunei Darussalam,2008,32.0
Brunei Darussalam,2009,33.0
Brunei Darussalam,2010,299.0
Brunei Darussalam,2011,25.0
Brunei Darussalam,2012,290.0
Brunei Darussalam,2013,2434.0
Brunei Darussalam,2014,872.0
Brunei Darussalam,2015,317.0
Brunei Darussalam,2016,84.0
Brunei Darussalam,2017,75.0
Cambodia,2000,3148.0
Cambodia,2001,10569.0
Cambodia,2002,12471.0
Cambodia,2003,12081.0
Cambodia,2004,10049.0
Cambodia,2005,9042.0
Cambodia,2006,16669.0
Cambodia,2007,39851.0
Cambodia,2008,9823.0
Cambodia,2009,11699.0
Cambodia,2010,12500.0
Cambodia,2011,31337.0
Cambodia,2012,42352.0
Cambodia,2013,34835.0
Cambodia,2014,7401.0
Cambodia,2015,30466.0
Cambodia,2016,14689.0
Cambodia,2017,9698.0
Cambodia,2018,34871.0
Cambodia,2019,136871.0
Cambodia,2020,11792.0
Cambodia,2021,1903.0
Cambodia,2022,12581.0
Cayman Islands,2000,0.0
Cayman Islands,2001,0.0
Cayman Islands,2002,1.0
Cayman Islands,2003,1.0
Cayman Islands,2004,0.0
Cayman Islands,2005,1.0
Cayman Islands,2006,0.0
Cayman Islands,2007,9.0
Cayman Islands,2008,1.0
Cayman Islands,2009,0.0
Cayman Islands,2010,8.0
Cayman Islands,2011,2.0
Cayman Islands,2012,53.0
Cayman Islands,2013,69.0
Cayman Islands,2015,2.0
Cayman Islands,2016,0.0
Cayman Islands,2017,0.0
Cayman Islands,2019,28.0
Cayman Islands,2020,32.0
Cayman Islands,2021,0.0
Cayman Islands,2022,0.0
Chile,2002,636.0
Chile,2003,0.0
Chile,2004,0.0
Chile,2005,0.0
Chile,2006,0.0
Chile,2007,0.0
Chile,2008,0.0
Chile,2009,27.0
Chile,2010,0.0
Chile,2011,1.0
Chile,2012,32.0
Chile,2013,44.0
Chile,2015,6.0
Chile,2017,0.0
Chile,2018,18.0
Chile,2019,29.0
Chile,2020,9.0
Chile,2021,0.0
Chile,2022,0.0
China,2000,806.0
China,2001,740.0
China,2002,2719.0
China,2003,93.0
China,2004,247.0
China,2005,40.0
China,2006,1315.0
China,2007,539.0
China,2008,365.0
China,2009,562.0
China,2010,223.0
China,2011,107.0
China,2012,157.0
China,2013,9940.0
China,2014,94376.0
China,2015,7086.0
China,2016,3958.0
China,2017,11523.0
China,2018,10172.0
China,2019,44505.0
China,2020,558.0
China,2021,0.0
China,2022,487.0
Colombia,2002,382.0
Colombia,2004,1614.0
Colombia,2005,1938.0
Colombia,2006,5585.0
Colombia,2007,44624.0
Colombia,2008,35784.0
Colombia,2009,51946.0
Colombia,2010,160265.0
Colombia,2011,31133.0
Colombia,2012,56627.0
Colombia,2013,125367.0
Colombia,2014,104877.0
Colombia,2015,95841.0
Colombia,2016,99977.0
Colombia,2017,25503.0
Colombia,2018,44706.0
Colombia,2019,125670.0
Colombia,2020,73981.0
Colombia,2021,50106.0
Colombia,2022,66758.0
Cook Islands,2000,0.0
Cook Islands,2001,21.0
Cook Islands,2002,2256.0
Cook Islands,2003,1.0
Cook Islands,2004,4.0
Cook Islands,2005,0.0
Cook Islands,2006,468.0
Cook Islands,2007,1224.0
Cook Islands,2008,11.0
Cook Islands,2009,170.0
Cook Islands,2010,0.0
Cook Islands,2014,946.0
Cook Islands,2016,0.0
Cook Islands,2017,1.0
Cook Islands,2018,3.0
Cook Islands,2019,260.0
Cook Islands,2020,259.0
Cook Islands,2021,2.0
Cook Islands,2022,3.0
Costa Rica,2000,4907.0
Costa Rica,2001,9237.0
Costa Rica,2002,12251.0
Costa Rica,2003,19669.0
Costa Rica,2004,9408.0
Costa Rica,2005,37798.0
Costa Rica,2006,12124.0
Costa Rica,2007,26440.0
Costa Rica,2008,7160.0
Costa Rica,2009,6946.0
Costa Rica,2010,31773.0
Costa Rica,2011,13854.0
Costa Rica,2012,19880.0
Costa Rica,2013,50232.0
Costa Rica,2014,10901.0
Costa Rica,2015,17394.0
Costa Rica,2016,23319.0
Costa Rica,2017,8918.0
Costa Rica,2018,2718.0
Costa Rica,2019,9472.0
Costa Rica,2020,9955.0
Costa Rica,2021,5174.0
Costa Rica,2022,7110.0
Cuba,2000,138.0
Cuba,2001,11432.0
Cuba,2002,3011.0
Cuba,2003,0.0
Cuba,2004,0.0
Cuba,2005,75.0
Cuba,2007,28.0
Cuba,2009,70.0
Cuba,2010,0.0
Cuba,2011,0.0
Cuba,2012,0.0
Cuba,2013,0.0
Cuba,2015,50.0
Cuba,2016,0.0
Cuba,2020,1.0
Cuba,2022,0.0
Curacao,2013,568.0
Curacao,2014,0.0
Curacao,2015,0.0
Curacao,2016,0.0
Curacao,2017,0.0
Curacao,2018,0.0
Curacao,2019,0.0
Curacao,2020,0.0
Dominica,2000,15.0
Dominica,2001,5.0
Dominica,2002,0.0
Dominica,2003,0.0
Dominica,2004,4.0
Dominica,2005,11.0
Dominica,2006,19.0
Dominica,2007,111.0
Dominica,2008,80.0
Dominica,2009,2.0
Dominica,2010,635.0
Dominica,2011,40.0
Dominica,2012,3.0
Dominica,2013,197.0
Dominica,2015,0.0
Dominica,2016,70.0
Dominica,2017,0.0
Dominica,2018,0.0
Dominica,2019,46.0
Dominica,2020,1.0
Dominica,2021,0.0
Dominica,2022,1.0
Dominican Republic,2000,3462.0
Dominican Republic,2001,3596.0
Dominican Republic,2002,3194.0
Dominican Republic,2003,6163.0
Dominican Republic,2004,2476.0
Dominican Republic,2005,2860.0
Dominican Republic,2006,6143.0
Dominican Republic,2007,9628.0
Dominican Republic,2008,4333.0
Dominican Republic,2009,8292.0
Dominican Republic,2010,11519.0
Dominican Republic,2011,2339.0
Dominican Republic,2012,9505.0
Dominican Republic,2013,16709.0
Dominican Republic,2014,6068.0
Dominican Republic,2015,17048.0
Dominican Republic,2016,6645.0
Dominican Republic,2017,1367.0
Dominican Republic,2018,1602.0
Dominican Republic,2019,20323.0
Dominican Republic,2020,3776.0
Dominican Republic,2021,3746.0
Dominican Republic,2022,9626.0
Ecuador,2000,22937.0
Ecuador,2001,10919.0
Ecuador,2002,5833.0
Ecuador,2003,10319.0
Ecuador,2004,6165.0
Ecuador,2005,12131.0
Ecuador,2006,6044.0
Ecuador,2007,105887.0
Ecuador,2008,1894.0
Ecuador,2009,4489.0
Ecuador,2010,1042.0
Ecuador,2011,7659.0
Ecuador,2012,16544.0
Ecuador,2013,11733.0
Ecuador,2014,15460.0
Ecuador,2015,42473.0
Ecuador,2016,14159.0
Ecuador,2017,11331.0
Ecuador,2018,3140.0
Ecuador,2019,8480.0
Ecuador,2020,19803.0
Ecuador,2021,20829.0
Ecuador,2022,15760.0
El Salvador,2000,3248.0
El Salvador,2001,1176.0
El Salvador,2002,18307.0
El Salvador,2003,7436.0
El Salvador,2004,13344.0
El Salvador,2005,15290.0
El Salvador,2006,22088.0
El Salvador,2007,12476.0
El Salvador,2008,5774.0
El Salvador,2009,15040.0
El Salvador,2010,22406.0
El Salvador,2011,20836.0
El Salvador,2012,43861.0
El Salvador,2013,29141.0
El Salvador,2014,53196.0
El Salvador,2015,49892.0
El Salvador,2016,8789.0
El Salvador,2017,4402.0
El Salvador,2018,8333.0
El Salvador,2019,27362.0
El Salvador,2020,5334.0
El Salvador,2021,5633.0
El Salvador,2022,15339.0
Fiji,2000,14.0
Fiji,2001,3.0
Fiji,2002,0.0
Fiji,2003,16.0
Fiji,2004,2.0
Fiji,2005,0.0
Fiji,2006,25.0
Fiji,2007,100.0
Fiji,2008,1895.0
Fiji,2009,374.0
Fiji,2010,8.0
Fiji,2012,618.0
Fiji,2013,704.0
Fiji,2016,398.0
Fiji,2017,5847.0
Fiji,2018,9389.0
Fiji,2019,5360.0
Fiji,2020,1817.0
Fiji,2021,929.0
Fiji,2022,8674.0
French Guiana,2000,186.0
French Guiana,2001,2830.0
French Guiana,2002,280.0
French Guiana,2003,2178.0
French Guiana,2004,3147.0
French Guiana,2005,4365.0
French Guiana,2006,15930.0
French Guiana,2007,661.0
French Guiana,2008,460.0
French Guiana,2009,11330.0
French Guiana,2010,4350.0
French Guiana,2011,667.0
French Guiana,2012,662.0
French Guiana,2013,16263.0
French Guiana,2014,0.0
French Guiana,2015,451.0
French Guiana,2016,15.0
French Guiana,2017,0.0
French Guiana,2018,0.0
French Guiana,2019,275.0
French Guiana,2020,8734.0
French Guiana,2021,1756.0
French Polynesia,2000,36.0
French Polynesia,2001,32800.0
French Polynesia,2002,230.0
French Polynesia,2003,47.0
French Polynesia,2004,59.0
French Polynesia,2005,50.0
French Polynesia,2006,818.0
French Polynesia,2007,1897.0
French Polynesia,2008,176.0
French Polynesia,2009,2479.0
French Polynesia,2010,250.0
French Polynesia,2013,1569.0
French Polynesia,2014,4228.0
French Polynesia,2015,1012.0
French Polynesia,2017,7.0
French Polynesia,2018,270.0
French Polynesia,2019,3130.0
French Polynesia,2020,242.0
French Polynesia,2022,198.0
Grenada,2000,27.0
Grenada,2001,12.0
Grenada,2002,84.0
Grenada,2003,17.0
Grenada,2004,7.0
Grenada,2005,0.0
Grenada,2006,22.0
Grenada,2007,0.0
Grenada,2008,6.0
Grenada,2009,23.0
Grenada,2010,378.0
Grenada,2011,212.0
Grenada,2012,162.0
Grenada,2013,383.0
Grenada,2014,92.0
Grenada,2015,7.0
Grenada,2016,72.0
Grenada,2017,186.0
Grenada,2018,404.0
Grenada,2019,109.0
Grenada,2020,259.0
Grenada,2021,0.0
Grenada,2022,66.0
Guadeloupe,2000,60.0
Guadeloupe,2001,0.0
Guadeloupe,2002,93.0
Guadeloupe,2003,495.0
Guadeloupe,2004,0.0
Guadeloupe,2005,3364.0
Guadeloupe,2006,2948.0
Guadeloupe,2007,3266.0
Guadeloupe,2008,277.0
Guadeloupe,2009,2234.0
Guadeloupe,2010,41100.0
Guadeloupe,2011,101.0
Guadeloupe,2012,1032.0
Guadeloupe,2013,12706.0
Guadeloupe,2014,0.0
Guadeloupe,2015,35.0
Guadeloupe,2016,9.0
Guadeloupe,2017,15.0
Guadeloupe,2018,357.0
Guadeloupe,2019,1240.0
Guadeloupe,2020,19147.0
Guadeloupe,2021,540.0
Guadeloupe,2022,71.0
Guam,2000,2.0
Guam,2001,0.0
Guam,2002,0.0
Guam,2003,1.0
Guam,2004,1.0
Guam,2005,0.0
Guam,2006,3.0
Guam,2007,1.0
Guam,2009,0.0
Guam,2010,3.0
Guam,2017,0.0
Guam,2018,0.0
Guam,2019,23.0
Guam,2022,119.0
Guatemala,2000,9006.0
Guatemala,2001,4516.0
Guatemala,2002,7599.0
Guatemala,2003,6750.0
Guatemala,2004,6352.0
Guatemala,2005,6341.0
Guatemala,2006,2428.0
Guatemala,2007,5886.0
Guatemala,2008,3230.0
Guatemala,2009,10438.0
Guatemala,2010,17045.0
Guatemala,2011,2565.0
Guatemala,2012,9252.0
Guatemala,2013,11736.0
Guatemala,2014,19764.0
Guatemala,2015,11516.0
Guatemala,2016,8243.0
Guatemala,2017,4214.0
Guatemala,2018,7592.0
Guatemala,2019,50886.0
Guatemala,2020,5983.0
Guatemala,2021,2861.0
Guatemala,2022,8407.0
Guyana,2000,19.0
Guyana,2001,60.0
Guyana,2002,202.0
Guyana,2003,33.0
Guyana,2004,47.0
Guyana,2005,178.0
Guyana,2006,118.0
Guyana,2007,201.0
Guyana,2008,324.0
Guyana,2009,994.0
Guyana,2010,1468.0
Guyana,2011,1093.0
Guyana,2012,2189.0
Guyana,2013,1120.0
Guyana,2014,0.0
Guyana,2015,15.0
Guyana,2016,1.0
Guyana,2017,0.0
Guyana,2018,1.0
Guyana,2019,0.0
Guyana,2021,36.0
Haiti,2000,13642.0
Haiti,2009,0.0
Haiti,2010,0.0
Haiti,2011,0.0
Haiti,2012,240.0
Haiti,2013,0.0
Haiti,2017,1.0
Haiti,2018,90.0
Haiti,2019,92.0
Haiti,2020,1783.0
Haiti,2021,32.0
Haiti,2022,0.0
Honduras,2000,13642.0
Honduras,2001,19077.0
Honduras,2002,322269.0
Honduras,2003,16599.0
Honduras,2004,19971.0
Honduras,2005,18843.0
Honduras,2006,8436.0
Honduras,2007,33508.0
Honduras,2008,18941.0
Honduras,2009,15291.0
Honduras,2010,66814.0
Honduras,2011,8297.0
Honduras,2012,15554.0
Honduras,2013,39360.0
Honduras,2014,42594.0
Honduras,2015,44834.0
Honduras,2016,18450.0
Honduras,2017,5226.0
Honduras,2018,8187.0
Honduras,2019,132905.0
Honduras,2020,24132.0
Honduras,2021,19753.0
Honduras,2022,19046.0
Hong Kong,2000,0.0
Hong Kong,2001,0.0
Hong Kong,2002,64.0
Hong Kong,2003,49.0
Hong Kong,2004,31.0
Hong Kong,2005,31.0
Hong Kong,2006,31.0
Hong Kong,2007,58.0
Hong Kong,2008,42.0
Hong Kong,2009,43.0
Hong Kong,2010,87.0
Hong Kong,2011,30.0
Hong Kong,2012,0.0
Hong Kong,2013,103.0
Hong Kong,2014,115.0
Hong Kong,2015,117.0
Hong Kong,2016,128.0
Hong Kong,2017,103.0
Hong Kong,2018,192.0
Hong Kong,2019,199.0
Hong Kong,2020,1.0
Hong Kong,2021,0.0
Hong Kong,2022,0.0
India,2000,650.0
India,2001,3306.0
India,2002,1926.0
India,2003,12754.0
India,2004,4153.0
India,2005,11985.0
India,2006,12317.0
India,2007,5530.0
India,2008,12540.0
India,2009,15535.0
India,2010,1252.0
India,2011,18860.0
India,2012,37070.0
India,2015,99913.0
India,2016,129166.0
India,2017,188401.0
India,2018,101192.0
India,2019,157315.0
India,2020,44585.0
India,2021,193245.0
India,2022,233251.0
Indonesia,2000,33443.0
Indonesia,2001,45904.0
Indonesia,2002,40377.0
Indonesia,2003,51934.0
Indonesia,2004,148567.0
Indonesia,2005,157416.0
Indonesia,2006,106425.0
Indonesia,2007,157442.0
Indonesia,2008,155607.0
Indonesia,2009,156052.0
Indonesia,2010,127619.0
Indonesia,2011,65725.0
Indonesia,2012,90245.0
Indonesia,2013,112511.0
Indonesia,2014,100347.0
Indonesia,2015,129650.0
Indonesia,2016,204171.0
Indonesia,2017,68407.0
Indonesia,2019,138127.0
Indonesia,2020,108303.0
Indonesia,2021,73518.0
Jamaica,2000,25.0
Jamaica,2001,39.0
Jamaica,2002,90.0
Jamaica,2003,52.0
Jamaica,2004,9.0
Jamaica,2005,46.0
Jamaica,2006,79.0
Jamaica,2007,1448.0
Jamaica,2008,359.0
Jamaica,2009,70.0
Jamaica,2010,2827.0
Jamaica,2011,408.0
Jamaica,2012,4670.0
Jamaica,2013,863.0
Jamaica,2014,878.0
Jamaica,2015,29.0
Jamaica,2016,1652.0
Jamaica,2017,219.0
Jamaica,2018,1034.0
Jamaica,2019,7382.0
Jamaica,2020,853.0
Jamaica,2021,76.0
Jamaica,2022,80.0
Japan,2000,18.0
Japan,2001,50.0
Japan,2002,52.0
Japan,2003,32.0
Japan,2004,49.0
Japan,2005,74.0
Japan,2006,58.0
Japan,2007,89.0
Japan,2008,101.0
Japan,2009,92.0
Japan,2010,145.0
Japan,2013,249.0
Japan,2014,341.0
Japan,2015,293.0
Japan,2016,338.0
Japan,2017,245.0
Japan,2018,201.0
Japan,2019,463.0
Kiribati,2000,0.0
Kiribati,2001,0.0
Kiribati,2002,483.0
Kiribati,2003,1660.0
Kiribati,2004,0.0
Kiribati,2005,0.0
Kiribati,2006,0.0
Kiribati,2007,0.0
Kiribati,2008,831.0
Kiribati,2009,7.0
Kiribati,2010,20.0
Kiribati,2011,4.0
Kiribati,2016,0.0
Kiribati,2017,40.0
Kiribati,2018,3392.0
Kiribati,2019,2.0
Kiribati,2020,0.0
Kiribati,2021,2.0
Kiribati,2022,2662.0
Lao People'S Democratic Republic,2000,1377.0
Lao People'S Democratic Republic,2001,3968.0
Lao People'S Democratic Republic,2002,9176.0
Lao People'S Democratic Republic,2003,17690.0
Lao People'S Democratic Republic,2004,3972.0
Lao People'S Democratic Republic,2005,6152.0
Lao People'S Democratic Republic,2006,7114.0
Lao People'S Democratic Republic,2007,5391.0
Lao People'S Democratic Republic,2008,4487.0
Lao People'S Democratic Republic,2009,7804.0
Lao People'S Democratic Republic,2010,22929.0
Lao People'S Democratic Republic,2011,3816.0
Lao People'S Democratic Republic,2012,10146.0
Lao People'S Democratic Republic,2013,50475.0
Lao People'S Democratic Republic,2014,3638.0
Lao People'S Democratic Republic,2015,3745.0
Lao People'S Democratic Republic,2016,11254.0
Lao People'S Democratic Republic,2017,22099.0
Lao People'S Democratic Republic,2018,12764.0
Lao People'S Democratic Republic,2019,77986.0
Lao People'S Democratic Republic,2020,7692.0
Lao People'S Democratic Republic,2021,1340.0
Lao People'S Democratic Republic,2022,29014.0
Macau,2000,0.0
Macau,2001,1418.0
Macau,2002,2.0
Macau,2003,28.0
Macau,2004,2.0
Macau,2005,0.0
Macau,2006,6.0
Macau,2007,14.0
Macau,2008,3.0
Macau,2010,6.0
Macau,2013,9.0
Macau,2014,17.0
Macau,2015,3.0
Macau,2016,11.0
Macau,2017,17.0
Macau,2018,18.0
Malaysia,2000,8805.0
Malaysia,2001,16368.0
Malaysia,2002,32767.0
Malaysia,2003,31545.0
Malaysia,2004,33895.0
Malaysia,2005,39686.0
Malaysia,2006,38556.0
Malaysia,2007,48846.0
Malaysia,2008,49335.0
Malaysia,2009,73770.0
Malaysia,2010,88584.0
Malaysia,2011,39924.0
Malaysia,2012,23088.0
Malaysia,2013,87208.0
Malaysia,2014,214191.0
Malaysia,2015,242455.0
Malaysia,2016,209958.0
Malaysia,2017,176568.0
Malaysia,2018,165011.0
Malaysia,2019,260383.0
Malaysia,2020,87171.0
Malaysia,2021,26978.0
Malaysia,2022,65732.0
Maldives,2000,180.0
Maldives,2001,73.0
Maldives,2002,27.0
Maldives,2003,38.0
Maldives,2004,742.0
Maldives,2005,1126.0
Maldives,2006,5545.0
Maldives,2007,3351.0
Maldives,2008,3300.0
Maldives,2009,1619.0
Maldives,2010,1000.0
Maldives,2011,2909.0
Maldives,2012,1083.0
Maldives,2013,725.0
Maldives,2014,824.0
Maldives,2015,1890.0
Maldives,2016,1962.0
Maldives,2017,851.0
Maldives,2018,1838.0
Maldives,2019,2156.0
Maldives,2020,328.0
Marshall Islands,2000,0.0
Marshall Islands,2001,0.0
Marshall Islands,2002,0.0
Marshall Islands,2003,0.0
Marshall Islands,2004,0.0
Marshall Islands,2005,0.0
Marshall Islands,2006,0.0
Marshall Islands,2007,0.0
Marshall Islands,2009,0.0
Marshall Islands,2010,0.0
Marshall Islands,2017,0.0
Marshall Islands,2018,0.0
Marshall Islands,2019,2368.0
Marshall Islands,2020,990.0
Marshall Islands,2021,0.0
Marshall Islands,2022,510.0
Martinique,2000,171.0
Martinique,2001,4471.0
Martinique,2002,392.0
Martinique,2003,791.0
Martinique,2004,0.0
Martinique,2005,6083.0
Martinique,2006,4086.0
Martinique,2007,5082.0
Martinique,2008,586.0
Martinique,2009,1378.0
Martinique,2010,37100.0
Martinique,2011,275.0
Martinique,2012,1269.0
Martinique,2013,7040.0
Martinique,2014,0.0
Martinique,2015,30.0
Martinique,2016,16.0
Martinique,2017,111.0
Martinique,2018,73.0
Martinique,2019,480.0
Martinique,2020,32282.0
Martinique,2021,1073.0
Martinique,2022,13.0
Mexico,2000,21715.0
Mexico,2001,6401.0
Mexico,2002,9844.0
Mexico,2003,6996.0
Mexico,2004,8202.0
Mexico,2005,16862.0
Mexico,2006,27287.0
Mexico,2007,48436.0
Mexico,2008,31154.0
Mexico,2009,249763.0
Mexico,2010,57971.0
Mexico,2011,67918.0
Mexico,2012,165749.0
Mexico,2013,231712.0
Mexico,2014,124729.0
Mexico,2015,219593.0
Mexico,2016,130069.0
Mexico,2017,89961.0
Mexico,2018,78642.0
Mexico,2019,268494.0
Mexico,2020,120514.0
Mexico,2021,36742.0
Mexico,2022,57731.0
Micronesia (Federated States Of),2000,14.0
Micronesia (Federated States Of),2001,0.0
Micronesia (Federated States Of),2002,0.0
Micronesia (Federated States Of),2003,0.0
Micronesia (Federated States Of),2004,658.0
Micronesia (Federated States Of),2006,0.0
Micronesia (Federated States Of),2007,6.0
Micronesia (Federated States Of),2008,10.0
Micronesia (Federated States Of),2009,37.0
Micronesia (Federated States Of),2010,23.0
Micronesia (Federated States Of),2013,217.0
Micronesia (Federated States Of),2016,90.0
Micronesia (Federated States Of),2017,14.0
Micronesia (Federated States Of),2018,38.0
Micronesia (Federated States Of),2019,1995.0
Micronesia (Federated States Of),2020,13.0
Micronesia (Federated States Of),2021,15.0
Micronesia (Federated States Of),2022,2734.0
Mongolia,2000,0.0
Mongolia,2001,0.0
Mongolia,2002,0.0
Mongolia,2003,0.0
Mongolia,2004,0.0
Mongolia,2005,0.0
Mongolia,2006,89.0
Mongolia,2007,0.0
Mongolia,2009,0.0
Mongolia,2010,0.0
Mongolia,2013,0.0
Mongolia,2014,0.0
Mongolia,2015,0.0
Montserrat,2000,9.0
Montserrat,2001,1.0
Montserrat,2002,1.0
Montserrat,2003,1.0
Montserrat,2004,0.0
Montserrat,2005,0.0
Montserrat,2006,0.0
Montserrat,2007,0.0
Montserrat,2008,2.0
Montserrat,2009,0.0
Montserrat,2010,0.0
Montserrat,2011,3.0
Montserrat,2012,0.0
Montserrat,2013,6.0
Montserrat,2014,0.0
Montserrat,2015,0.0
Montserrat,2016,0.0
Montserrat,2017,0.0
Montserrat,2018,0.0
Montserrat,2019,1.0
Montserrat,2020,0.0
Montserrat,2021,2.0
Montserrat,2022,1.0
Myanmar,2000,1222.0
Myanmar,2001,15503.0
Myanmar,2002,15663.0
Myanmar,2003,6792.0
Myanmar,2004,6624.0
Myanmar,2005,16965.0
Myanmar,2006,10392.0
Myanmar,2007,14658.0
Myanmar,2008,17281.0
Myanmar,2009,23681.0
Myanmar,2010,15631.0
Myanmar,2011,4297.0
Myanmar,2012,5606.0
Myanmar,2013,21366.0
Myanmar,2014,13480.0
Myanmar,2015,42540.0
Myanmar,2016,10023.0
Myanmar,2017,30709.0
Myanmar,2018,22659.0
Nauru,2000,0.0
Nauru,2001,0.0
Nauru,2002,0.0
Nauru,2003,233.0
Nauru,2004,0.0
Nauru,2008,2.0
Nauru,2009,0.0
Nauru,2010,0.0
Nauru,2016,0.0
Nauru,2017,967.0
Nauru,2018,114.0
Nepal,2000,0.0
Nepal,2001,0.0
Nepal,2002,0.0
Nepal,2003,0.0
Nepal,2004,0.0
Nepal,2005,0.0
Nepal,2006,32.0
Nepal,2007,27.0
Nepal,2008,10.0
Nepal,2009,30.0
Nepal,2010,917.0
Nepal,2011,79.0
Nepal,2012,183.0
Nepal,2013,642.0
Nepal,2014,356.0
Nepal,2015,26.0
Nepal,2016,1523.0
Nepal,2017,1201.0
Nepal,2018,230.0
Nepal,2019,12100.0
Nepal,2021,530.0
New Caledonia,2000,15.0
New Caledonia,2001,34.0
New Caledonia,2002,105.0
New Caledonia,2003,5673.0
New Caledonia,2004,792.0
New Caledonia,2005,46.0
New Caledonia,2006,48.0
New Caledonia,2007,47.0
New Caledonia,2008,1179.0
New Caledonia,2009,8610.0
New Caledonia,2010,113.0
New Caledonia,2012,743.0
New Caledonia,2013,20625.0
New Caledonia,2017,8624.0
New Caledonia,2018,4038.0
New Caledonia,2019,7794.0
New Caledonia,2020,59.0
New Caledonia,2021,138.0
New Caledonia,2022,518.0
Nicaragua,2000,7317.0
Nicaragua,2001,2333.0
Nicaragua,2002,2269.0
Nicaragua,2003,2990.0
Nicaragua,2004,9331.0
Nicaragua,2005,14749.0
Nicaragua,2006,10617.0
Nicaragua,2007,12278.0
Nicaragua,2008,8666.0
Nicaragua,2009,18063.0
Nicaragua,2010,25174.0
Nicaragua,2011,11888.0
Nicaragua,2012,30878.0
Nicaragua,2013,77606.0
Nicaragua,2014,34998.0
Nicaragua,2015,49326.0
Nicaragua,2016,88463.0
Nicaragua,2017,69472.0
Nicaragua,2018,59315.0
Nicaragua,2019,186405.0
Nicaragua,2020,52464.0
Nicaragua,2021,36741.0
Nicaragua,2022,97541.0
Niue,2000,0.0
Niue,2001,1.0
Niue,2002,0.0
Niue,2003,0.0
Niue,2004,0.0
Niue,2005,0.0
Niue,2008,3.0
Niue,2009,0.0
Niue,2010,0.0
Niue,2016,0.0
Niue,2017,11.0
Niue,2018,0.0
Niue,2019,0.0
Niue,2020,0.0
Niue,2021,0.0
Niue,2022,12.0
Northern Mariana Islands,2000,0.0
Northern Mariana Islands,2001,1418.0
Northern Mariana Islands,2002,0.0
Northern Mariana Islands,2003,0.0
Northern Mariana Islands,2004,0.0
Northern Mariana Islands,2009,0.0
Northern Mariana Islands,2010,0.0
Northern Mariana Islands,2017,0.0
Northern Mariana Islands,2018,0.0
Northern Mariana Islands,2019,4.0
Northern Mariana Islands,2020,0.0
Northern Mariana Islands,2021,0.0
Northern Mariana Islands,2022,929.0
Pakistan,2013,18131.0
Pakistan,2017,24685.0
Pakistan,2019,24518.0
Pakistan,2020,1933.0
Pakistan,2021,6162.0
Pakistan,2022,482.0
Palau,2000,1208.0
Palau,2001,863.0
Palau,2002,45.0
Palau,2003,15.0
Palau,2004,37.0
Palau,2006,28.0
Palau,2007,80.0
Palau,2008,204.0
Palau,2009,4.0
Palau,2010,9.0
Palau,2013,9.0
Palau,2014,13.0
Palau,2017,1121.0
Palau,2018,1002.0
Palau,2019,2162.0
Palau,2020,63.0
Palau,2021,5.0
Palau,2022,122.0
Panama,2000,317.0
Panama,2001,1545.0
Panama,2002,711.0
Panama,2003,293.0
Panama,2004,373.0
Panama,2005,4000.0
Panama,2006,4300.0
Panama,2007,3402.0
Panama,2008,2287.0
Panama,2009,6811.0
Panama,2010,5410.0
Panama,2011,9924.0
Panama,2012,2175.0
Panama,2013,4774.0
Panama,2014,2069.0
Panama,2015,1398.0
Panama,2016,6613.0
Panama,2017,9275.0
Panama,2018,6849.0
Panama,2019,9741.0
Panama,2020,3645.0
Panama,2021,3095.0
Panama,2022,11172.0
Papua New Guinea,2001,0.0
Papua New Guinea,2002,22.0
Papua New Guinea,2009,28.0
Papua New Guinea,2011,3.0
Papua New Guinea,2014,6.0
Paraguay,2000,24282.0
Paraguay,2001,38.0
Paraguay,2002,1871.0
Paraguay,2003,137.0
Paraguay,2004,164.0
Paraguay,2005,405.0
Paraguay,2006,4271.0
Paraguay,2007,37277.0
Paraguay,2008,1953.0
Paraguay,2009,6143.0
Paraguay,2010,13553.0
Paraguay,2011,42945.0
Paraguay,2012,39063.0
Paraguay,2013,144875.0
Paraguay,2014,9575.0
Paraguay,2015,41281.0
Paraguay,2016,70215.0
Paraguay,2017,2623.0
Paraguay,2018,31464.0
Paraguay,2019,16295.0
Paraguay,2020,219260.0
Paraguay,2021,16897.0
Paraguay,2022,7366.0
Peru,2000,5486.0
Peru,2001,23329.0
Peru,2002,8875.0
Peru,2003,3637.0
Peru,2004,9774.0
Peru,2005,6358.0
Peru,2006,5531.0
Peru,2007,6907.0
Peru,2008,12493.0
Peru,2009,8813.0
Peru,2010,18392.0
Peru,2011,30149.0
Peru,2012,29994.0
Peru,2013,14742.0
Peru,2014,18895.0
Peru,2015,35044.0
Peru,2016,31868.0
Peru,2017,76223.0
Peru,2018,6879.0
Peru,2019,17622.0
Peru,2020,55780.0
Peru,2021,49274.0
Peru,2022,72489.0
Philippines,2000,8835.0
Philippines,2001,27295.0
Philippines,2002,16663.0
Philippines,2003,29946.0
Philippines,2004,23040.0
Philippines,2005,33901.0
Philippines,2006,37101.0
Philippines,2007,55639.0
Philippines,2008,39620.0
Philippines,2009,57819.0
Philippines,2010,135355.0
Philippines,2011,117418.0
Philippines,2012,67699.0
Philippines,2013,596770.0
Philippines,2014,225914.0
Philippines,2015,382984.0
Philippines,2016,395834.0
Philippines,2017,287952.0
Philippines,2018,431930.0
Philippines,2019,872795.0
Philippines,2020,88595.0
Philippines,2021,79592.0
Philippines,2022,219469.0
Pitcairn,2000,0.0
Pitcairn,2001,0.0
Pitcairn,2002,0.0
Pitcairn,2003,0.0
Pitcairn,2017,0.0
Pitcairn,2018,0.0
Pitcairn,2019,0.0
Pitcairn,2020,0.0
Pitcairn,2021,0.0
Pitcairn,2022,0.0
Puerto Rico,2000,2433.0
Puerto Rico,2001,5233.0
Puerto Rico,2002,2906.0
Puerto Rico,2003,3735.0
Puerto Rico,2004,3288.0
Puerto Rico,2005,5701.0
Puerto Rico,2006,3043.0
Puerto Rico,2007,11012.0
Puerto Rico,2008,3384.0
Puerto Rico,2009,6651.0
Puerto Rico,2010,21298.0
Puerto Rico,2011,5654.0
Puerto Rico,2012,12298.0
Puerto Rico,2013,18278.0
Puerto Rico,2014,8766.0
Puerto Rico,2015,1391.0
Puerto Rico,2016,168.0
Puerto Rico,2017,0.0
Puerto Rico,2018,0.0
Puerto Rico,2019,47.0
Puerto Rico,2020,904.0
Puerto Rico,2021,616.0
Puerto Rico,2022,969.0
Saint Barthelemy,2013,966.0
Saint Barthelemy,2014,0.0
Saint Barthelemy,2015,8.0
Saint Barthelemy,2016,26.0
Saint Barthelemy,2017,55.0
Saint Barthelemy,2018,0.0
Saint Barthelemy,2019,20.0
Saint Barthelemy,2020,1607.0
Saint Barthelemy,2021,70.0
Saint Barthelemy,2022,0.0
Saint Kitts And Nevis,2000,5.0
Saint Kitts And Nevis,2001,89.0
Saint Kitts And Nevis,2002,20.0
Saint Kitts And Nevis,2003,2.0
Saint Kitts And Nevis,2004,4.0
Saint Kitts And Nevis,2005,1.0
Saint Kitts And Nevis,2006,1.0
Saint Kitts And Nevis,2007,0.0
Saint Kitts And Nevis,2008,49.0
Saint Kitts And Nevis,2009,2.0
Saint Kitts And Nevis,2010,19.0
Saint Kitts And Nevis,2011,47.0
Saint Kitts And Nevis,2012,2.0
Saint Kitts And Nevis,2013,100.0
Saint Kitts And Nevis,2015,0.0
Saint Kitts And Nevis,2016,0.0
Saint Kitts And Nevis,2017,0.0
Saint Kitts And Nevis,2018,6.0
Saint Kitts And Nevis,2019,40.0
Saint Kitts And Nevis,2020,2.0
Saint Kitts And Nevis,2021,0.0
Saint Kitts And Nevis,2022,0.0
Saint Lucia,2000,0.0
Saint Lucia,2001,292.0
Saint Lucia,2002,51.0
Saint Lucia,2003,5.0
Saint Lucia,2004,11.0
Saint Lucia,2005,2.0
Saint Lucia,2006,30.0
Saint Lucia,2007,39.0
Saint Lucia,2008,98.0
Saint Lucia,2009,18.0
Saint Lucia,2010,74.0
Saint Lucia,2011,585.0
Saint Lucia,2012,10.0
Saint Lucia,2013,234.0
Saint Lucia,2014,6.0
Saint Lucia,2015,2.0
Saint Lucia,2017,11.0
Saint Lucia,2018,90.0
Saint Lucia,2019,20.0
Saint Lucia,2020,1318.0
Saint Lucia,2021,33.0
Saint Lucia,2022,15.0
Saint Martin,2009,1698.0
Saint Martin,2010,2450.0
Saint Martin,2011,168.0
Saint Martin,2012,313.0
Saint Martin,2013,3095.0
Saint Martin,2014,3.0
Saint Martin,2015,0.0
Saint Martin,2016,0.0
Saint Martin,2017,157.0
Saint Martin,2018,105.0
Saint Martin,2019,120.0
Saint Martin,2020,2692.0
Saint Martin,2021,172.0
Saint Martin,2022,0.0
Saint Vincent And The Grenadines,2000,5.0
Saint Vincent And The Grenadines,2001,3.0
Saint Vincent And The Grenadines,2002,1104.0
Saint Vincent And The Grenadines,2003,6.0
Saint Vincent And The Grenadines,2004,4.0
Saint Vincent And The Grenadines,2005,8.0
Saint Vincent And The Grenadines,2006,5.0
Saint Vincent And The Grenadines,2007,2.0
Saint Vincent And The Grenadines,2008,6.0
Saint Vincent And The Grenadines,2009,10.0
Saint Vincent And The Grenadines,2010,133.0
Saint Vincent And The Grenadines,2011,47.0
Saint Vincent And The Grenadines,2012,91.0
Saint Vincent And The Grenadines,2013,127.0
Saint Vincent And The Grenadines,2014,0.0
Saint Vincent And The Grenadines,2017,1.0
Saint Vincent And The Grenadines,2018,0.0
Saint Vincent And The Grenadines,2019,0.0
Saint Vincent And The Grenadines,2020,1155.0
Saint Vincent And The Grenadines,2021,1.0
Saint Vincent And The Grenadines,2022,0.0
Samoa,2000,200.0
Samoa,2001,163.0
Samoa,2002,2.0
Samoa,2003,0.0
Samoa,2004,1.0
Samoa,2005,2.0
Samoa,2006,29.0
Samoa,2007,23.0
Samoa,2008,677.0
Samoa,2017,2724.0
Samoa,2018,197.0
Samoa,2019,202.0
Samoa,2020,3.0
Samoa,2021,15.0
Samoa,2022,14287.0
Saudi Arabia,2006,1544.0
Saudi Arabia,2007,490.0
Saudi Arabia,2008,913.0
Saudi Arabia,2009,3350.0
Saudi Arabia,2010,3526.0
Saudi Arabia,2011,3302.0
Saudi Arabia,2012,1749.0
Saudi Arabia,2013,6512.0
Saudi Arabia,2014,2081.0
Saudi Arabia,2015,4312.0
Saudi Arabia,2016,5428.0
Saudi Arabia,2017,3462.0
Saudi Arabia,2018,10135.0
Saudi Arabia,2019,2228.0
Saudi Arabia,2020,3948.0
Saudi Arabia,2021,5675.0
Saudi Arabia,2022,1470.0
Singapore,2000,1346.0
Singapore,2001,4771.0
Singapore,2002,7892.0
Singapore,2003,9422.0
Singapore,2004,18779.0
Singapore,2005,27992.0
Singapore,2006,6263.0
Singapore,2007,17638.0
Singapore,2008,13896.0
Singapore,2009,8941.0
Singapore,2010,10678.0
Singapore,2011,5266.0
Singapore,2012,4734.0
Singapore,2013,44575.0
Singapore,2014,36196.0
Singapore,2015,22586.0
Singapore,2016,26195.0
Singapore,2017,5605.0
Singapore,2018,4770.0
Singapore,2019,32006.0
Singapore,2020,34959.0
Singapore,2021,5245.0
Singapore,2022,31853.0
Sint Maarten,2015,1.0
Sint Maarten,2016,0.0
Sint Maarten,2017,0.0
Sint Maarten,2018,0.0
Sint Maarten,2019,8.0
Sint Maarten,2020,0.0
Solomon Islands,2000,0.0
Solomon Islands,2001,0.0
Solomon Islands,2002,30.0
Solomon Islands,2003,0.0
Solomon Islands,2004,0.0
Solomon Islands,2008,3.0
Solomon Islands,2009,0.0
Solomon Islands,2010,0.0
Solomon Islands,2013,9500.0
Solomon Islands,2016,7840.0
Solomon Islands,2017,510.0
Solomon Islands,2018,408.0
Solomon Islands,2019,370.0
Solomon Islands,2020,105.0
Solomon Islands,2021,159.0
Solomon Islands,2022,9089.0
Sri Lanka,2000,3343.0
Sri Lanka,2001,4304.0
Sri Lanka,2002,8931.0
Sri Lanka,2003,4749.0
Sri Lanka,2004,15463.0
Sri Lanka,2005,5994.0
Sri Lanka,2006,11980.0
Sri Lanka,2007,7314.0
Sri Lanka,2008,6555.0
Sri Lanka,2009,35010.0
Sri Lanka,2010,33988.0
Sri Lanka,2011,27614.0
Sri Lanka,2012,43783.0
Sri Lanka,2013,30450.0
Sri Lanka,2014,45535.0
Sri Lanka,2015,27702.0
Sri Lanka,2016,50954.0
Sri Lanka,2017,176272.0
Sri Lanka,2018,49629.0
Sri Lanka,2019,96045.0
Sri Lanka,2020,30747.0
Sri Lanka,2021,23647.0
Sri Lanka,2022,41329.0
Sudan,2019,9268.0
Suriname,2000,1073.0
Suriname,2001,760.0
Suriname,2002,1104.0
Suriname,2003,285.0
Suriname,2004,375.0
Suriname,2005,2853.0
Suriname,2006,285.0
Suriname,2007,41.0
Suriname,2008,24.0
Suriname,2009,120.0
Suriname,2010,113.0
Suriname,2011,409.0
Suriname,2012,781.0
Suriname,2013,21.0
Suriname,2014,4.0
Suriname,2017,7.0
Suriname,2018,116.0
Suriname,2019,98.0
Suriname,2020,551.0
Suriname,2021,10.0
Suriname,2022,13.0
Taiwan,2000,118.0
Taiwan,2001,243.0
Taiwan,2002,5113.0
Taiwan,2003,85.0
Taiwan,2004,335.0
Taiwan,2005,193.0
Taiwan,2006,962.0
Taiwan,2007,1937.0
Taiwan,2008,478.0
Taiwan,2009,840.0
Taiwan,2010,1534.0
Taiwan,2011,1543.0
Taiwan,2012,1274.0
Taiwan,2013,596.0
Taiwan,2014,15509.0
Taiwan,2015,43467.0
Taiwan,2016,381.0
Taiwan,2017,10.0
Taiwan,2018,183.0
Taiwan,2019,100.0
Taiwan,2020,73.0
Taiwan,2022,20.0
Thailand,2000,18812.0
Thailand,2001,140107.0
Thailand,2002,115353.0
Thailand,2003,62925.0
Thailand,2004,38535.0
Thailand,2005,46092.0
Thailand,2006,42575.0
Thailand,2007,63234.0
Thailand,2008,89946.0
Thailand,2009,25371.0
Thailand,2010,53149.0
Thailand,2011,29759.0
Thailand,2012,25316.0
Thailand,2013,87502.0
Thailand,2014,23170.0
Thailand,2015,86653.0
Thailand,2016,38466.0
Thailand,2017,31843.0
Thailand,2018,55076.0
Thailand,2019,87866.0
Thailand,2020,50911.0
Thailand,2021,7778.0
Thailand,2022,34605.0
Timor-Leste,2000,0.0
Timor-Leste,2001,0.0
Timor-Leste,2002,0.0
Timor-Leste,2003,0.0
Timor-Leste,2004,434.0
Timor-Leste,2005,1128.0
Timor-Leste,2006,162.0
Timor-Leste,2007,227.0
Timor-Leste,2008,108.0
Timor-Leste,2009,175.0
Timor-Leste,2010,433.0
Timor-Leste,2011,302.0
Timor-Leste,2012,751.0
Timor-Leste,2013,502.0
Timor-Leste,2020,1451.0
Timor-Leste,2021,901.0
Timor-Leste,2022,2374.0
Tokelau,2000,0.0
Tokelau,2001,4.0
Tokelau,2002,0.0
Tokelau,2003,0.0
Tokelau,2004,0.0
Tokelau,2009,0.0
Tokelau,2017,5.0
Tokelau,2018,0.0
Tokelau,2019,0.0
Tokelau,2020,0.0
Tokelau,2021,0.0
Tokelau,2022,3.0
Tonga,2000,0.0
Tonga,2001,0.0
Tonga,2002,0.0
Tonga,2003,80.0
Tonga,2004,3.0
Tonga,2007,62.0
Tonga,2008,195.0
Tonga,2009,273.0
Tonga,2010,30.0
Tonga,2014,51.0
Tonga,2015,1559.0
Tonga,2017,103.0
Tonga,2018,381.0
Tonga,2019,4.0
Tonga,2020,1.0
Tonga,2021,0.0
Tonga,2022,1230.0
Trinidad And Tobago,2000,2066.0
Trinidad And Tobago,2001,2244.0
Trinidad And Tobago,2002,6246.0
Trinidad And Tobago,2003,2289.0
Trinidad And Tobago,2004,546.0
Trinidad And Tobago,2005,411.0
Trinidad And Tobago,2006,37.0
Trinidad And Tobago,2007,47.0
Trinidad And Tobago,2008,2366.0
Trinidad And Tobago,2009,24.0
Trinidad And Tobago,2010,2497.0
Trinidad And Tobago,2011,1243.0
Trinidad And Tobago,2012,0.0
Trinidad And Tobago,2013,0.0
Trinidad And Tobago,2016,99.0
Trinidad And Tobago,2017,5.0
Trinidad And Tobago,2019,230.0
Trinidad And Tobago,2020,0.0
Trinidad And Tobago,2021,0.0
Trinidad And Tobago,2022,6.0
Turks And Caicos Islands,2000,0.0
Turks And Caicos Islands,2001,0.0
Turks And Caicos Islands,2002,0.0
Turks And Caicos Islands,2003,2.0
Turks And Caicos Islands,2004,1.0
Turks And Caicos Islands,2005,1.0
Turks And Caicos Islands,2006,0.0
Turks And Caicos Islands,2007,0.0
Turks And Caicos Islands,2008,0.0
Turks And Caicos Islands,2009,0.0
Turks And Caicos Islands,2010,0.0
Turks And Caicos Islands,2011,24.0
Turks And Caicos Islands,2012,14.0
Turks And Caicos Islands,2013,5.0
Turks And Caicos Islands,2016,0.0
Turks And Caicos Islands,2017,0.0
Turks And Caicos Islands,2018,0.0
Turks And Caicos Islands,2019,6.0
Turks And Caicos Islands,2020,0.0
Turks And Caicos Islands,2021,0.0
Turks And Caicos Islands,2022,0.0
Tuvalu,2000,0.0
Tuvalu,2001,0.0
Tuvalu,2002,0.0
Tuvalu,2003,0.0
Tuvalu,2004,0.0
Tuvalu,2007,0.0
Tuvalu,2009,0.0
Tuvalu,2010,0.0
Tuvalu,2017,0.0
Tuvalu,2018,0.0
Tuvalu,2019,646.0
Tuvalu,2020,5.0
Tuvalu,2021,0.0
Tuvalu,2022,93.0
United States Of America,2001,96.0
United States Of America,2002,29.0
United States Of America,2003,40.0
United States Of America,2006,143.0
United States Of America,2007,488.0
United States Of America,2008,0.0
United States Of America,2009,3.0
United States Of America,2010,65.0
United States Of America,2011,7.0
United States Of America,2012,186.0
United States Of America,2013,552.0
United States Of America,2014,659.0
United States Of America,2015,945.0
United States Of America,2016,990.0
United States Of America,2017,453.0
United States Of America,2018,331.0
United States Of America,2019,1158.0
United States Of America,2020,306.0
United States Of America,2021,114.0
United States Of America,2022,1070.0
Uruguay,2003,0.0
Uruguay,2004,0.0
Uruguay,2005,0.0
Uruguay,2006,0.0
Uruguay,2007,0.0
Uruguay,2008,0.0
Uruguay,2009,0.0
Uruguay,2010,0.0
Uruguay,2011,0.0
Uruguay,2012,0.0
Uruguay,2013,0.0
Uruguay,2014,0.0
Uruguay,2015,13.0
Uruguay,2016,1769.0
Uruguay,2017,0.0
Uruguay,2018,0.0
Uruguay,2019,0.0
Uruguay,2020,4.0
Uruguay,2021,0.0
Vanuatu,2000,0.0
Vanuatu,2001,20.0
Vanuatu,2002,15.0
Vanuatu,2003,122.0
Vanuatu,2004,26.0
Vanuatu,2005,2.0
Vanuatu,2006,168.0
Vanuatu,2007,82.0
Vanuatu,2008,96.0
Vanuatu,2009,45.0
Vanuatu,2010,105.0
Vanuatu,2017,275.0
Vanuatu,2018,247.0
Vanuatu,2019,69.0
Vanuatu,2020,16.0
Vanuatu,2021,44.0
Vanuatu,2022,2382.0
Venezuela,2000,21130.0
Venezuela,2001,83180.0
Venezuela,2002,37676.0
Venezuela,2003,26996.0
Venezuela,2004,30693.0
Venezuela,2005,42198.0
Venezuela,2006,39860.0
Venezuela,2007,80646.0
Venezuela,2008,48048.0
Venezuela,2009,65869.0
Venezuela,2010,123967.0
Venezuela,2011,31551.0
Venezuela,2012,45015.0
Venezuela,2013,64834.0
Venezuela,2014,73912.0
Venezuela,2015,1251.0
Venezuela,2016,29268.0
Venezuela,2017,8688.0
Venezuela,2018,19226.0
Venezuela,2019,15963.0
Venezuela,2020,6592.0
Venezuela,2021,5926.0
Venezuela,2022,9941.0
Viet Nam,2000,25269.0
Viet Nam,2001,42878.0
Viet Nam,2002,31760.0
Viet Nam,2003,49751.0
Viet Nam,2004,78692.0
Viet Nam,2005,57080.0
Viet Nam,2006,68792.0
Viet Nam,2007,104553.0
Viet Nam,2008,96451.0
Viet Nam,2009,105370.0
Viet Nam,2010,128831.0
Viet Nam,2012,82838.0
Viet Nam,2013,132642.0
Viet Nam,2014,61029.0
Viet Nam,2015,194235.0
Viet Nam,2016,201258.0
Viet Nam,2017,324219.0
Viet Nam,2018,251610.0
Viet Nam,2019,579772.0
Virgin Islands (Uk),2000,3.0
Virgin Islands (Uk),2001,23.0
Virgin Islands (Uk),2002,0.0
Virgin Islands (Uk),2003,0.0
Virgin Islands (Uk),2004,0.0
Virgin Islands (Uk),2005,1.0
Virgin Islands (Uk),2006,0.0
Virgin Islands (Uk),2007,6.0
Virgin Islands (Uk),2008,15.0
Virgin Islands (Uk),2009,65.0
Virgin Islands (Uk),2010,9.0
Virgin Islands (Uk),2011,939.0
Virgin Islands (Uk),2012,12.0
Virgin Islands (Uk),2013,223.0
Virgin Islands (Uk),2014,7.0
Virgin Islands (Uk),2015,0.0
Virgin Islands (Uk),2016,0.0
Virgin Islands (Uk),2017,7.0
Virgin Islands (Uk),2018,57.0
Virgin Islands (Uk),2019,45.0
Virgin Islands (Uk),2020,0.0
Virgin Islands (Uk),2021,0.0
Virgin Islands (Uk),2022,0.0
Virgin Islands (Us),2007,73.0
Virgin Islands (Us),2008,0.0
Virgin Islands (Us),2009,0.0
Virgin Islands (Us),2010,0.0
Virgin Islands (Us),2011,0.0
Virgin Islands (Us),2012,0.0
Virgin Islands (Us),2013,0.0
Virgin Islands (Us),2014,19.0
Virgin Islands (Us),2015,3.0
Virgin Islands (Us),2016,11.0
Virgin Islands (Us),2017,1.0
Virgin Islands (Us),2018,0.0
Virgin Islands (Us),2019,0.0
Virgin Islands (Us),2020,0.0
Virgin Islands (Us),2021,0.0
Virgin Islands (Us),2022,0.0
Wallis And Futuna,2000,0.0
Wallis And Futuna,2001,0.0
Wallis And Futuna,2002,0.0
Wallis And Futuna,2003,2447.0
Wallis And Futuna,2004,41.0
Wallis And Futuna,2008,0.0
Wallis And Futuna,2009,13.0
Wallis And Futuna,2013,94.0
Wallis And Futuna,2017,222.0
Wallis And Futuna,2018,202.0
Wallis And Futuna,2019,45.0
Wallis And Futuna,2020,167.0
Wallis And Futuna,2021,90.0
Wallis And Futuna,2022,1297.0
Yemen,2016,27724.0
Yemen,2017,212.0
Yemen,2018,28255.0
Yemen,2019,81600.0
Yemen,2020,61682.0
Yemen,2021,4172.0
